place,cote,yearStart,yearEnd,url
Melle,2 C 2437,1710,1792,https://archives-deux-sevres-vienne.fr/ark:/58825/vta49ecbc3196fe709e/daogrp/0/layout:table/idsearch:RECH_84502e2f28aebff5779a1ea10c7d255f
Thouars,2 C 2396,1715,1785,https://archives-deux-sevres-vienne.fr/ark:/58825/vta595959909a408d66/daogrp/0/layout:table/idsearch:RECH_84502e2f28aebff5779a1ea10c7d255f
Champdeniers,2 C 2295,1722,1785,https://archives-deux-sevres-vienne.fr/ark:/58825/vta6102926f2e1190b1/daogrp/0/layout:table/idsearch:RECH_84502e2f28aebff5779a1ea10c7d255f
Thénezay,2 C 2458,1723,1723,https://archives-deux-sevres-vienne.fr/ark:/58825/vta64639094d926db07/daogrp/0/layout:table/idsearch:RECH_84502e2f28aebff5779a1ea10c7d255f
Champdeniers,2 C 2293,1730,1753,https://archives-deux-sevres-vienne.fr/ark:/58825/vta938cb6aa8cbe04b1/daogrp/0/layout:table/idsearch:RECH_84502e2f28aebff5779a1ea10c7d255f
Coulonges-sur-l'Autize,2 C 685,1730,1767,https://archives-deux-sevres-vienne.fr/ark:/58825/vta1915f14c098be37d/daogrp/0/layout:table/idsearch:RECH_84502e2f28aebff5779a1ea10c7d255f
Mauzé-sur-le-Mignon,2 C 2430,1730,1730,https://archives-deux-sevres-vienne.fr/ark:/58825/vtabda5226c1ec576fe/daogrp/0/layout:table/idsearch:RECH_84502e2f28aebff5779a1ea10c7d255f
Niort,2 C 1506,1732,1776,https://archives-deux-sevres-vienne.fr/ark:/58825/vtae6c1124c4f6353e0/daogrp/0/layout:table/idsearch:RECH_84502e2f28aebff5779a1ea10c7d255f
Sauzé-Vaussais,2 C 2379,1732,1788,https://archives-deux-sevres-vienne.fr/ark:/58825/vta861796b156990a44/daogrp/0/layout:table/idsearch:RECH_84502e2f28aebff5779a1ea10c7d255f
Champdeniers,2 C 2294,1733,1753,https://archives-deux-sevres-vienne.fr/ark:/58825/vta3bdd8ca543c28f03/daogrp/0/layout:table/idsearch:RECH_84502e2f28aebff5779a1ea10c7d255f
Chef-Boutonne,2 C 2303,1733,1753,https://archives-deux-sevres-vienne.fr/ark:/58825/vta5149599c34d46546/daogrp/0/layout:table/idsearch:RECH_84502e2f28aebff5779a1ea10c7d255f
Chef-Boutonne,2 C 2304,1733,1753,https://archives-deux-sevres-vienne.fr/ark:/58825/vta2df73f408d986890/daogrp/0/layout:table/idsearch:RECH_84502e2f28aebff5779a1ea10c7d255f
Thouars,2 C 2399,1733,1773,https://archives-deux-sevres-vienne.fr/ark:/58825/vta728d30d657258a26/daogrp/0/layout:table/idsearch:RECH_84502e2f28aebff5779a1ea10c7d255f
La Mothe-Saint-Héray,2 C 2342,1733,1784,https://archives-deux-sevres-vienne.fr/ark:/58825/vta4a91c45413ac658b/daogrp/0/layout:table/idsearch:RECH_84502e2f28aebff5779a1ea10c7d255f
Champdeniers,2 C 425,1734,1778,https://archives-deux-sevres-vienne.fr/ark:/58825/vta6db5c20c9681e7ee/daogrp/0/layout:table/idsearch:RECH_84502e2f28aebff5779a1ea10c7d255f
Mauzé-sur-le-Mignon,2 C 2326,1734,1784,https://archives-deux-sevres-vienne.fr/ark:/58825/vta7dc009b4c1dc29ac/daogrp/0/layout:table/idsearch:RECH_84502e2f28aebff5779a1ea10c7d255f
Couture-d'Argenson,2 C 2313,1734,1786,https://archives-deux-sevres-vienne.fr/ark:/58825/vtad72387e6c34a516c/daogrp/0/layout:table/idsearch:RECH_84502e2f28aebff5779a1ea10c7d255f
La Mothe-Saint-Héray,2 C 2343,1734,1786,https://archives-deux-sevres-vienne.fr/ark:/58825/vta62046644d6967837/daogrp/0/layout:table/idsearch:RECH_84502e2f28aebff5779a1ea10c7d255f
Saint-Jouin-de-Marnes,2 C 2360,1734,1790,https://archives-deux-sevres-vienne.fr/ark:/58825/vtaf8cc490d8e63d6a6/daogrp/0/layout:table/idsearch:RECH_84502e2f28aebff5779a1ea10c7d255f
Argenton-Château,2 C 2285,1735,1771,https://archives-deux-sevres-vienne.fr/ark:/58825/vta8559732244d3dd2b/daogrp/0/layout:table/idsearch:RECH_84502e2f28aebff5779a1ea10c7d255f
Argenton-Château,2 C 2414,1735,1735,https://archives-deux-sevres-vienne.fr/ark:/58825/vta9f2ac7ad14506fa7/daogrp/0/layout:table/idsearch:RECH_84502e2f28aebff5779a1ea10c7d255f
Saint-Maixent-l'École,2 C 2371,1736,1751,https://archives-deux-sevres-vienne.fr/ark:/58825/vta419c23ef8e0095b6/daogrp/0/layout:table/idsearch:RECH_84502e2f28aebff5779a1ea10c7d255f
Chizé,2 C 2308,1736,1780,https://archives-deux-sevres-vienne.fr/ark:/58825/vta12690ddbc92e0843/daogrp/0/layout:table/idsearch:RECH_84502e2f28aebff5779a1ea10c7d255f
Couture-d'Argenson,2 C 2314,1740,1760,https://archives-deux-sevres-vienne.fr/ark:/58825/vtab0313d3aa9377f2d/daogrp/0/layout:table/idsearch:RECH_84502e2f28aebff5779a1ea10c7d255f
Chizé,2 C 2426,1740,1740,https://archives-deux-sevres-vienne.fr/ark:/58825/vtadd35c6dca12de4d3/daogrp/0/layout:table/idsearch:RECH_84502e2f28aebff5779a1ea10c7d255f
Frontenay-Rohan-Rohan,2 C 845,1747,1764,https://archives-deux-sevres-vienne.fr/ark:/58825/vta9e0f00350dad9470/daogrp/0/layout:table/idsearch:RECH_84502e2f28aebff5779a1ea10c7d255f
Thénezay,2 C 2467,1750,1750,https://archives-deux-sevres-vienne.fr/ark:/58825/vta87b7c4b09f7a7db1/daogrp/0/layout:table/idsearch:RECH_84502e2f28aebff5779a1ea10c7d255f
Chef-Boutonne,2 C 2422,1759,1792,https://archives-deux-sevres-vienne.fr/ark:/58825/vta38b34aae5502fe31/daogrp/0/layout:table/idsearch:RECH_84502e2f28aebff5779a1ea10c7d255f
Melle,2 C 2334,1760,1780,https://archives-deux-sevres-vienne.fr/ark:/58825/vta57811fcad17e1708/daogrp/0/layout:table/idsearch:RECH_84502e2f28aebff5779a1ea10c7d255f
Niort,2 C 1504-2,1760,1790,https://archives-deux-sevres-vienne.fr/ark:/58825/vta2c4db14b4c42443f/daogrp/0/layout:table/idsearch:RECH_84502e2f28aebff5779a1ea10c7d255f
Mauzé-sur-le-Mignon,2 C 2327,1761,1787,https://archives-deux-sevres-vienne.fr/ark:/58825/vta681d378778604ce0/daogrp/0/layout:table/idsearch:RECH_84502e2f28aebff5779a1ea10c7d255f
Airvault,2 C 2409,1761,1792,https://archives-deux-sevres-vienne.fr/ark:/58825/vta27b1102a110eb6be/daogrp/0/layout:table/idsearch:RECH_84502e2f28aebff5779a1ea10c7d255f
Beauvoir-sur-Niort,2 C 2289,1762,1787,https://archives-deux-sevres-vienne.fr/ark:/58825/vta45052c98210a1e6b/daogrp/0/layout:table/idsearch:RECH_84502e2f28aebff5779a1ea10c7d255f
Chizé,2 C 2427,1762,1762,https://archives-deux-sevres-vienne.fr/ark:/58825/vta4cdca6b5b8d0f3c7/daogrp/0/layout:table/idsearch:RECH_84502e2f28aebff5779a1ea10c7d255f
Thouars,2 C 2398,1763,1771,https://archives-deux-sevres-vienne.fr/ark:/58825/vta0160e9922fe3ddba/daogrp/0/layout:table/idsearch:RECH_84502e2f28aebff5779a1ea10c7d255f
Thouars,2 C 2397,1763,1788,https://archives-deux-sevres-vienne.fr/ark:/58825/vta90ca6cf606adbce9/daogrp/0/layout:table/idsearch:RECH_84502e2f28aebff5779a1ea10c7d255f
Saint-Maixent-l'École,2 C 2372,1764,1784,https://archives-deux-sevres-vienne.fr/ark:/58825/vtad21130ca54f99cfa/daogrp/0/layout:table/idsearch:RECH_84502e2f28aebff5779a1ea10c7d255f
Saint-Maixent-l'École,2 C 2370,1764,1784,https://archives-deux-sevres-vienne.fr/ark:/58825/vta98c62df52bcef13c/daogrp/0/layout:table/idsearch:RECH_84502e2f28aebff5779a1ea10c7d255f
Thouars,2 C 2400,1765,1771,https://archives-deux-sevres-vienne.fr/ark:/58825/vtaa86b44ea249f4816/daogrp/0/layout:table/idsearch:RECH_84502e2f28aebff5779a1ea10c7d255f
Frontenay-Rohan-Rohan,2 C 846,1765,1782,https://archives-deux-sevres-vienne.fr/ark:/58825/vtab6dabc51ce488847/daogrp/0/layout:table/idsearch:RECH_84502e2f28aebff5779a1ea10c7d255f
Niort,2 C 1503-1,1765,1792,https://archives-deux-sevres-vienne.fr/ark:/58825/vta1894cd50d9f8dc45/daogrp/0/layout:table/idsearch:RECH_84502e2f28aebff5779a1ea10c7d255f
Airvault,2 C 2408,1765,1765,https://archives-deux-sevres-vienne.fr/ark:/58825/vtaf479dca74c0e6acb/daogrp/0/layout:table/idsearch:RECH_84502e2f28aebff5779a1ea10c7d255f
Champdeniers,2 C 2296,1768,1782,https://archives-deux-sevres-vienne.fr/ark:/58825/vta17b2d47b7b642831/daogrp/0/layout:table/idsearch:RECH_84502e2f28aebff5779a1ea10c7d255f
Coulonges-sur-l'Autize,2 C 686,1770,1790,https://archives-deux-sevres-vienne.fr/ark:/58825/vta71431e8e2917791c/daogrp/0/layout:table/idsearch:RECH_84502e2f28aebff5779a1ea10c7d255f
Thouars,2 C 2462,1771,1771,https://archives-deux-sevres-vienne.fr/ark:/58825/vta43f8bee34d4f2637/daogrp/0/layout:table/idsearch:RECH_84502e2f28aebff5779a1ea10c7d255f
La Mothe-Saint-Héray,2 C 2439,1771,1808,https://archives-deux-sevres-vienne.fr/ark:/58825/vta1d2a5ff3ab168358/daogrp/0/layout:table/idsearch:RECH_84502e2f28aebff5779a1ea10c7d255f
Thouars,2 C 2401,1772,1780,https://archives-deux-sevres-vienne.fr/ark:/58825/vta66bebf7ad17144ce/daogrp/0/layout:table/idsearch:RECH_84502e2f28aebff5779a1ea10c7d255f
Vasles,2 C 3490,1772,1789,https://archives-deux-sevres-vienne.fr/ark:/28387/vta8f5f45c9f099d97b/daogrp/0/layout:table/idsearch:RECH_84502e2f28aebff5779a1ea10c7d255f
Argenton-Château,2 C 2413,1772,1793,https://archives-deux-sevres-vienne.fr/ark:/58825/vta7c063ca3edf297ac/daogrp/0/layout:table/idsearch:RECH_84502e2f28aebff5779a1ea10c7d255f
Niort,2 C 1507,1776,1789,https://archives-deux-sevres-vienne.fr/ark:/58825/vtaa59b69dbc7ddf3d3/daogrp/0/layout:table/idsearch:RECH_84502e2f28aebff5779a1ea10c7d255f
Melle,2 C 2436,1777,1777,https://archives-deux-sevres-vienne.fr/ark:/58825/vta18a3feb9baac7c6b/daogrp/0/layout:table/idsearch:RECH_84502e2f28aebff5779a1ea10c7d255f
La Mothe-Saint-Héray,2 C 2440,1778,1792,https://archives-deux-sevres-vienne.fr/ark:/58825/vta30fc9d06337a566e/daogrp/0/layout:table/idsearch:RECH_84502e2f28aebff5779a1ea10c7d255f
Couture-d'Argenson,2 C 2315,1780,1786,https://archives-deux-sevres-vienne.fr/ark:/58825/vtab86a6c397532d2e8/daogrp/0/layout:table/idsearch:RECH_84502e2f28aebff5779a1ea10c7d255f
Saint-Maixent-l'École,2 C 2450,1781,1791,https://archives-deux-sevres-vienne.fr/ark:/58825/vta4c894a353a4c1844/daogrp/0/layout:table/idsearch:RECH_84502e2f28aebff5779a1ea10c7d255f
Champdeniers,3 Q 7/51,1781,1810,https://archives-deux-sevres-vienne.fr/ark:/58825/vta26c84f05ab82b17b/daogrp/0/layout:table/idsearch:RECH_84502e2f28aebff5779a1ea10c7d255f
Champdeniers,2 C 2418,1782,1793,https://archives-deux-sevres-vienne.fr/ark:/58825/vta5307946e3f6fbffa/daogrp/0/layout:table/idsearch:RECH_84502e2f28aebff5779a1ea10c7d255f
Thouars,2 C 2463,1784,1784,https://archives-deux-sevres-vienne.fr/ark:/58825/vta18cc7733e902f656/daogrp/0/layout:table/idsearch:RECH_84502e2f28aebff5779a1ea10c7d255f
Vasles,2 C 3560,1784,1784,https://archives-deux-sevres-vienne.fr/ark:/28387/vtacbdee2e369925e31/daogrp/0/layout:table/idsearch:RECH_84502e2f28aebff5779a1ea10c7d255f
Saint-Maixent-l'École,2 C 2451,1783,1793,https://archives-deux-sevres-vienne.fr/ark:/58825/vta041cf75b9f153ed3/daogrp/0/layout:table/idsearch:RECH_84502e2f28aebff5779a1ea10c7d255f
Niort,2 C 1505,1789,1789,https://archives-deux-sevres-vienne.fr/ark:/58825/vta1f08995626e52c87/daogrp/0/layout:table/idsearch:RECH_84502e2f28aebff5779a1ea10c7d255f
Thouars,3 Q 24/161,1789,1789,https://archives-deux-sevres-vienne.fr/ark:/58825/vta1289ef5dda28dea5/daogrp/0/layout:table/idsearch:RECH_84502e2f28aebff5779a1ea10c7d255f
Moncoutant,3 Q 16/29,1789,1815,https://archives-deux-sevres-vienne.fr/ark:/58825/vtad19e99cc5b0299e9/daogrp/0/layout:table/idsearch:RECH_84502e2f28aebff5779a1ea10c7d255f
Chef-Boutonne,3 Q 9/562,1790,1790,https://archives-deux-sevres-vienne.fr/ark:/58825/vta8a5777bfa7c9d517/daogrp/0/layout:table/idsearch:RECH_84502e2f28aebff5779a1ea10c7d255f
Niort,2 C 1504-1,1791,1791,https://archives-deux-sevres-vienne.fr/ark:/58825/vtacf0893eb73778dbd/daogrp/0/layout:table/idsearch:RECH_84502e2f28aebff5779a1ea10c7d255f
Niort,2 C 1503-2,1791,1792,https://archives-deux-sevres-vienne.fr/ark:/58825/vta7a7c6af66209c264/daogrp/0/layout:table/idsearch:RECH_84502e2f28aebff5779a1ea10c7d255f
Parthenay,3 Q 19/155,1791,1791,https://archives-deux-sevres-vienne.fr/ark:/58825/vta8459979e06900151/daogrp/0/layout:table/idsearch:RECH_84502e2f28aebff5779a1ea10c7d255f
Niort,3 Q 18/560,1791,1791,https://archives-deux-sevres-vienne.fr/ark:/58825/vta5482e6e6ccffd37d/daogrp/0/layout:table/idsearch:RECH_84502e2f28aebff5779a1ea10c7d255f
Melle,3 Q 15/168,1791,1791,https://archives-deux-sevres-vienne.fr/ark:/58825/vta55ecd5aeeaec39bb/daogrp/0/layout:table/idsearch:RECH_84502e2f28aebff5779a1ea10c7d255f
Secondigny,3 Q 22/52,1791,1808,https://archives-deux-sevres-vienne.fr/ark:/58825/vta0fb4fe48801e59a0/daogrp/0/layout:table/idsearch:RECH_84502e2f28aebff5779a1ea10c7d255f
Argenton-Château,3 Q 3/41,1791,1814,https://archives-deux-sevres-vienne.fr/ark:/58825/vtaed52b8bbcd71f4c7/daogrp/0/layout:table/idsearch:RECH_84502e2f28aebff5779a1ea10c7d255f
Niort,3 Q 18/552,1792,1792,https://archives-deux-sevres-vienne.fr/ark:/58825/vtae7a49bd840c632e3/daogrp/0/layout:table/idsearch:RECH_84502e2f28aebff5779a1ea10c7d255f
Bressuire,3 Q 4/96,1792,1792,https://archives-deux-sevres-vienne.fr/ark:/58825/vta0b782b002382abd5/daogrp/0/layout:table/idsearch:RECH_84502e2f28aebff5779a1ea10c7d255f
Champdeniers,3 Q 7/47,1792,1792,https://archives-deux-sevres-vienne.fr/ark:/58825/vta655807b25a4d27e0/daogrp/0/layout:table/idsearch:RECH_84502e2f28aebff5779a1ea10c7d255f
La Mothe-Saint-Héray,3 Q 17/80,1792,1808,https://archives-deux-sevres-vienne.fr/ark:/58825/vtab9d645edd2a3e7fc/daogrp/0/layout:table/idsearch:RECH_84502e2f28aebff5779a1ea10c7d255f
Châtillon-sur-Sèvre,3 Q 8/38,1792,1815,https://archives-deux-sevres-vienne.fr/ark:/58825/vta8c50261bf1315b54/daogrp/0/layout:table/idsearch:RECH_84502e2f28aebff5779a1ea10c7d255f
Melle,3 Q 15/161,1793,1793,https://archives-deux-sevres-vienne.fr/ark:/58825/vta8c1ccc7517149693/daogrp/0/layout:table/idsearch:RECH_84502e2f28aebff5779a1ea10c7d255f
Saint-Maixent-l'École,3 Q 20/117,1793,1793,https://archives-deux-sevres-vienne.fr/ark:/58825/vta3f5352fca91ce9d0/daogrp/0/layout:table/idsearch:RECH_84502e2f28aebff5779a1ea10c7d255f
Thouars,3 Q 24/155,1793,1804,https://archives-deux-sevres-vienne.fr/ark:/58825/vta03dd8099c6ab0810/daogrp/0/layout:table/idsearch:RECH_84502e2f28aebff5779a1ea10c7d255f
Thénezay,3 Q 23/187,1806,1806,https://archives-deux-sevres-vienne.fr/ark:/58825/vtabd1788a636edc558/daogrp/0/layout:table/idsearch:RECH_84502e2f28aebff5779a1ea10c7d255f
Moncoutant,3 Q 16/32,1814,1814,https://archives-deux-sevres-vienne.fr/ark:/58825/vta241cc79215399198/daogrp/0/layout:table/idsearch:RECH_84502e2f28aebff5779a1ea10c7d255f
Saint-Maixent-l'École,3 Q 20/126,1793,1816,https://archives-deux-sevres-vienne.fr/ark:/58825/vtad66b0cf2dad4ed09/daogrp/0/layout:table/idsearch:RECH_84502e2f28aebff5779a1ea10c7d255f
Niort,3 Q 18/545,1794,1797,https://archives-deux-sevres-vienne.fr/ark:/58825/vta97cf549b5323c8a2/daogrp/0/layout:table/idsearch:RECH_84502e2f28aebff5779a1ea10c7d255f
Mauzé-sur-le-Mignon,3 Q 13/109,1816,1816,https://archives-deux-sevres-vienne.fr/ark:/58825/vta12e815a4f34cfc75/daogrp/0/layout:table/idsearch:RECH_84502e2f28aebff5779a1ea10c7d255f
Niort,3 Q 18/546,1795,1802,https://archives-deux-sevres-vienne.fr/ark:/58825/vta0022b7a245856ba7/daogrp/0/layout:table/idsearch:RECH_84502e2f28aebff5779a1ea10c7d255f
Parthenay,3 Q 19/156,1806,1806,https://archives-deux-sevres-vienne.fr/ark:/58825/vtaf03ec1217ee1805f/daogrp/0/layout:table/idsearch:RECH_84502e2f28aebff5779a1ea10c7d255f
Sauzé-Vaussais,3 Q 21/83,1810,1810,https://archives-deux-sevres-vienne.fr/ark:/58825/vta5c3f3bfcdb19294d/daogrp/0/layout:table/idsearch:RECH_84502e2f28aebff5779a1ea10c7d255f
Bressuire,3 Q 4/98,1814,1814,https://archives-deux-sevres-vienne.fr/ark:/58825/vta93a088eba4566452/daogrp/0/layout:table/idsearch:RECH_84502e2f28aebff5779a1ea10c7d255f
Parthenay,3 Q 19/158,1824,1824,https://archives-deux-sevres-vienne.fr/ark:/58825/vtaf14466004e9402d1/daogrp/0/layout:table/idsearch:RECH_84502e2f28aebff5779a1ea10c7d255f
Chizé,3 Q 10/50,1810,1810,https://archives-deux-sevres-vienne.fr/ark:/58825/vta4b363cec97009a78/daogrp/0/layout:table/idsearch:RECH_84502e2f28aebff5779a1ea10c7d255f
Saint-Maixent-l'École,3 Q 20/118,1797,1801,https://archives-deux-sevres-vienne.fr/ark:/58825/vta1a8e129b6d87b0fb/daogrp/0/layout:table/idsearch:RECH_84502e2f28aebff5779a1ea10c7d255f
Airvault,3 Q 2/46,1813,1813,https://archives-deux-sevres-vienne.fr/ark:/58825/vta51f64e771890db3c/daogrp/0/layout:table/idsearch:RECH_84502e2f28aebff5779a1ea10c7d255f
Argenton-Château,3 Q 3/26,1817,1817,https://archives-deux-sevres-vienne.fr/ark:/58825/vta67dfaaffab2f38e9/daogrp/0/layout:table/idsearch:RECH_84502e2f28aebff5779a1ea10c7d255f
Airvault,3 Q 2/44,1820,1820,https://archives-deux-sevres-vienne.fr/ark:/58825/vta4239d1c4ee68cb43/daogrp/0/layout:table/idsearch:RECH_84502e2f28aebff5779a1ea10c7d255f
Melle,3 Q 15/162,1798,1803,https://archives-deux-sevres-vienne.fr/ark:/58825/vta3a89d64818382c14/daogrp/0/layout:table/idsearch:RECH_84502e2f28aebff5779a1ea10c7d255f
Saint-Maixent-l'École,3 Q 20/119,1806,1806,https://archives-deux-sevres-vienne.fr/ark:/58825/vta88d94d674060e4cf/daogrp/0/layout:table/idsearch:RECH_84502e2f28aebff5779a1ea10c7d255f
Châtillon-sur-Sèvre,3 Q 8/34,1807,1807,https://archives-deux-sevres-vienne.fr/ark:/58825/vta9c0c86908d708ffe/daogrp/0/layout:table/idsearch:RECH_84502e2f28aebff5779a1ea10c7d255f
Châtillon-sur-Sèvre,3 Q 8/35,1799,1803,https://archives-deux-sevres-vienne.fr/ark:/58825/vta375c8f632d6c18a3/daogrp/0/layout:table/idsearch:RECH_84502e2f28aebff5779a1ea10c7d255f
Thénezay,3 Q 23/65,1799,1803,https://archives-deux-sevres-vienne.fr/ark:/58825/vtaa0adc9219e0cb66c/daogrp/0/layout:table/idsearch:RECH_84502e2f28aebff5779a1ea10c7d255f
Niort,3 Q 18/561,1807,1807,https://archives-deux-sevres-vienne.fr/ark:/58825/vta2ca7c28ca564510c/daogrp/0/layout:table/idsearch:RECH_84502e2f28aebff5779a1ea10c7d255f
Mauzé-sur-le-Mignon,3 Q 13/105,1811,1811,https://archives-deux-sevres-vienne.fr/ark:/58825/vta8618579032abb096/daogrp/0/layout:table/idsearch:RECH_84502e2f28aebff5779a1ea10c7d255f
Chizé,3 Q 10/45,1806,1806,https://archives-deux-sevres-vienne.fr/ark:/58825/vta8531956e7a6a495e/daogrp/0/layout:table/idsearch:RECH_84502e2f28aebff5779a1ea10c7d255f
Châtillon-sur-Sèvre,3 Q 8/36,1807,1807,https://archives-deux-sevres-vienne.fr/ark:/58825/vta40120ed57cf4c5a7/daogrp/0/layout:table/idsearch:RECH_84502e2f28aebff5779a1ea10c7d255f
Chef-Boutonne,3 Q 9/563,1807,1807,https://archives-deux-sevres-vienne.fr/ark:/58825/vta4e385dffedcde3ab/daogrp/0/layout:table/idsearch:RECH_84502e2f28aebff5779a1ea10c7d255f
Parthenay,3 Q 19/160,1810,1810,https://archives-deux-sevres-vienne.fr/ark:/58825/vtac9938ab6806bf199/daogrp/0/layout:table/idsearch:RECH_84502e2f28aebff5779a1ea10c7d255f
Melle,3 Q 15/169,1806,1806,https://archives-deux-sevres-vienne.fr/ark:/58825/vtad16c22ae56e5f044/daogrp/0/layout:table/idsearch:RECH_84502e2f28aebff5779a1ea10c7d255f
Saint-Maixent-l'École,3 Q 20/124,1806,1806,https://archives-deux-sevres-vienne.fr/ark:/58825/vtab0568b42f4aa33b8/daogrp/0/layout:table/idsearch:RECH_84502e2f28aebff5779a1ea10c7d255f
Niort,3 Q 18/553,1807,1807,https://archives-deux-sevres-vienne.fr/ark:/58825/vta7719aa2aeeebbbf6/daogrp/0/layout:table/idsearch:RECH_84502e2f28aebff5779a1ea10c7d255f
Niort,3 Q 18/547,1808,1808,https://archives-deux-sevres-vienne.fr/ark:/58825/vta089aa32daaecfcdd/daogrp/0/layout:table/idsearch:RECH_84502e2f28aebff5779a1ea10c7d255f
Bressuire,3 Q 4/97,1809,1809,https://archives-deux-sevres-vienne.fr/ark:/58825/vtab9b2b88163dfeb66/daogrp/0/layout:table/idsearch:RECH_84502e2f28aebff5779a1ea10c7d255f
Niort,3 Q 18/562,1810,1810,https://archives-deux-sevres-vienne.fr/ark:/58825/vta7c97fa54a67cd4ff/daogrp/0/layout:table/idsearch:RECH_84502e2f28aebff5779a1ea10c7d255f
Parthenay,3 Q 19/157,1810,1810,https://archives-deux-sevres-vienne.fr/ark:/58825/vtada501b052acce882/daogrp/0/layout:table/idsearch:RECH_84502e2f28aebff5779a1ea10c7d255f
Saint-Maixent-l'École,3 Q 20/125,1810,1810,https://archives-deux-sevres-vienne.fr/ark:/58825/vta5baa2208ec1175bc/daogrp/0/layout:table/idsearch:RECH_84502e2f28aebff5779a1ea10c7d255f
Thénezay,3 Q 23/67,1812,1812,https://archives-deux-sevres-vienne.fr/ark:/58825/vta1ec39c3597d0b976/daogrp/0/layout:table/idsearch:RECH_84502e2f28aebff5779a1ea10c7d255f
Melle,3 Q 15/163,1811,1811,https://archives-deux-sevres-vienne.fr/ark:/58825/vta253f1322bd918724/daogrp/0/layout:table/idsearch:RECH_84502e2f28aebff5779a1ea10c7d255f
Thénezay,3 Q 23/188,1814,1814,https://archives-deux-sevres-vienne.fr/ark:/58825/vtacd3aa3960503622f/daogrp/0/layout:table/idsearch:RECH_84502e2f28aebff5779a1ea10c7d255f
Niort,3 Q 18/554,1808,1808,https://archives-deux-sevres-vienne.fr/ark:/58825/vta6e65a09a791984e9/daogrp/0/layout:table/idsearch:RECH_84502e2f28aebff5779a1ea10c7d255f
Chizé,3 Q 10/46,1809,1809,https://archives-deux-sevres-vienne.fr/ark:/58825/vta4ce01b207279357e/daogrp/0/layout:table/idsearch:RECH_84502e2f28aebff5779a1ea10c7d255f
Chef-Boutonne,3 Q 9/79,1812,1812,https://archives-deux-sevres-vienne.fr/ark:/58825/vtaf7004079f451de59/daogrp/0/layout:table/idsearch:RECH_84502e2f28aebff5779a1ea10c7d255f
Thouars,3 Q 24/156,1814,1814,https://archives-deux-sevres-vienne.fr/ark:/58825/vta108c4b1270bf89b4/daogrp/0/layout:table/idsearch:RECH_84502e2f28aebff5779a1ea10c7d255f
Thouars,3 Q 24/162,1816,1816,https://archives-deux-sevres-vienne.fr/ark:/58825/vta1b27e5caaf720bb5/daogrp/0/layout:table/idsearch:RECH_84502e2f28aebff5779a1ea10c7d255f
Champdeniers,3 Q 7/48,1813,1813,https://archives-deux-sevres-vienne.fr/ark:/58825/vta0411bc9199ebd47b/daogrp/0/layout:table/idsearch:RECH_84502e2f28aebff5779a1ea10c7d255f
Melle,3 Q 15/170,1806,1812,https://archives-deux-sevres-vienne.fr/ark:/58825/vtad382154ef4c51455/daogrp/0/layout:table/idsearch:RECH_84502e2f28aebff5779a1ea10c7d255f
Châtillon-sur-Sèvre,3 Q 8/37,1806,1815,https://archives-deux-sevres-vienne.fr/ark:/58825/vta138256b8bc3d1291/daogrp/0/layout:table/idsearch:RECH_84502e2f28aebff5779a1ea10c7d255f
La Mothe-Saint-Héray,3 Q 17/85,1806,1816,https://archives-deux-sevres-vienne.fr/ark:/58825/vta8be1731049c28bb0/daogrp/0/layout:table/idsearch:RECH_84502e2f28aebff5779a1ea10c7d255f
Sauzé-Vaussais,3 Q 21/86,1806,1833,https://archives-deux-sevres-vienne.fr/ark:/58825/vtad0576ad622d69359/daogrp/0/layout:table/idsearch:RECH_84502e2f28aebff5779a1ea10c7d255f
Saint-Maixent-l'École,3 Q 20/120,1807,1810,https://archives-deux-sevres-vienne.fr/ark:/58825/vta7950634bf167ca49/daogrp/0/layout:table/idsearch:RECH_84502e2f28aebff5779a1ea10c7d255f
Bressuire,3 Q 4/92,1807,1814,https://archives-deux-sevres-vienne.fr/ark:/58825/vtaddbcf3608eba3def/daogrp/0/layout:table/idsearch:RECH_84502e2f28aebff5779a1ea10c7d255f
Chef-Boutonne,3 Q 9/564,1807,1814,https://archives-deux-sevres-vienne.fr/ark:/58825/vtabcee65f710333899/daogrp/0/layout:table/idsearch:RECH_84502e2f28aebff5779a1ea10c7d255f
Mauzé-sur-le-Mignon,3 Q 13/111,1807,1834,https://archives-deux-sevres-vienne.fr/ark:/58825/vtaaff1e440eeb307b9/daogrp/0/layout:table/idsearch:RECH_84502e2f28aebff5779a1ea10c7d255f
Niort,3 Q 18/555,1808,1810,https://archives-deux-sevres-vienne.fr/ark:/58825/vtaafca097cae703d64/daogrp/0/layout:table/idsearch:RECH_84502e2f28aebff5779a1ea10c7d255f
Niort,3 Q 18/548,1808,1812,https://archives-deux-sevres-vienne.fr/ark:/58825/vtaaa2fdb0e7070fde8/daogrp/0/layout:table/idsearch:RECH_84502e2f28aebff5779a1ea10c7d255f
Niort,3 Q 18/563,1808,1812,https://archives-deux-sevres-vienne.fr/ark:/58825/vtaebbf12d6dc861aa1/daogrp/0/layout:table/idsearch:RECH_84502e2f28aebff5779a1ea10c7d255f
Niort,3 Q 18/564,1808,1814,https://archives-deux-sevres-vienne.fr/ark:/58825/vta7feabcbfb10b5dad/daogrp/0/layout:table/idsearch:RECH_84502e2f28aebff5779a1ea10c7d255f
Coulonges-sur-l'Autize,3 Q 11/36,1808,1815,https://archives-deux-sevres-vienne.fr/ark:/58825/vta26e0bb6c83975b8d/daogrp/0/layout:table/idsearch:RECH_84502e2f28aebff5779a1ea10c7d255f
Secondigny,3 Q 22/53,1808,1824,https://archives-deux-sevres-vienne.fr/ark:/58825/vta3cbd0f84ba3306e1/daogrp/0/layout:table/idsearch:RECH_84502e2f28aebff5779a1ea10c7d255f
La Mothe-Saint-Héray,3 Q 17/81,1809,1810,https://archives-deux-sevres-vienne.fr/ark:/58825/vtaa6a6a63849c7d9f3/daogrp/0/layout:table/idsearch:RECH_84502e2f28aebff5779a1ea10c7d255f
Niort,3 Q 18/557,1809,1814,https://archives-deux-sevres-vienne.fr/ark:/58825/vtae1e6f6cda566d955/daogrp/0/layout:table/idsearch:RECH_84502e2f28aebff5779a1ea10c7d255f
Saint-Maixent-l'École,3 Q 20/121,1809,1815,https://archives-deux-sevres-vienne.fr/ark:/58825/vta12018363f827f7c3/daogrp/0/layout:table/idsearch:RECH_84502e2f28aebff5779a1ea10c7d255f
Chizé,3 Q 10/51,1809,1822,https://archives-deux-sevres-vienne.fr/ark:/58825/vta91b0a3200b1fbb17/daogrp/0/layout:table/idsearch:RECH_84502e2f28aebff5779a1ea10c7d255f
Champdeniers,3 Q 7/52,1809,1824,https://archives-deux-sevres-vienne.fr/ark:/58825/vtac8a36f1d51f9039d/daogrp/0/layout:table/idsearch:RECH_84502e2f28aebff5779a1ea10c7d255f
Niort,3 Q 18/556,1810,1812,https://archives-deux-sevres-vienne.fr/ark:/58825/vtaa659478280271bc7/daogrp/0/layout:table/idsearch:RECH_84502e2f28aebff5779a1ea10c7d255f
Coulonges-sur-l'Autize,3 Q 11/33,1810,1814,https://archives-deux-sevres-vienne.fr/ark:/58825/vtadbbfef41ba482c52/daogrp/0/layout:table/idsearch:RECH_84502e2f28aebff5779a1ea10c7d255f
Sauzé-Vaussais,3 Q 21/84,1810,1822,https://archives-deux-sevres-vienne.fr/ark:/58825/vta5d45922766ab8390/daogrp/0/layout:table/idsearch:RECH_84502e2f28aebff5779a1ea10c7d255f
Parthenay,3 Q 19/161,1810,1824,https://archives-deux-sevres-vienne.fr/ark:/58825/vta858cf67770b0a530/daogrp/0/layout:table/idsearch:RECH_84502e2f28aebff5779a1ea10c7d255f
Chizé,3 Q 10/47,1811,1814,https://archives-deux-sevres-vienne.fr/ark:/58825/vtadc37c6bab32d1bed/daogrp/0/layout:table/idsearch:RECH_84502e2f28aebff5779a1ea10c7d255f
La Mothe-Saint-Héray,3 Q 17/82,1811,1814,https://archives-deux-sevres-vienne.fr/ark:/58825/vta177b6e146155bc56/daogrp/0/layout:table/idsearch:RECH_84502e2f28aebff5779a1ea10c7d255f
Melle,3 Q 15/164,1811,1817,https://archives-deux-sevres-vienne.fr/ark:/58825/vta0076df9125f7df00/daogrp/0/layout:table/idsearch:RECH_84502e2f28aebff5779a1ea10c7d255f
Melle,3 Q 15/171,1811,1817,https://archives-deux-sevres-vienne.fr/ark:/58825/vtaa6f3b187e6cf254c/daogrp/0/layout:table/idsearch:RECH_84502e2f28aebff5779a1ea10c7d255f
Niort,3 Q 18/565,1811,1820,https://archives-deux-sevres-vienne.fr/ark:/58825/vta8023e55fd14c7a15/daogrp/0/layout:table/idsearch:RECH_84502e2f28aebff5779a1ea10c7d255f
Sauzé-Vaussais,3 Q 21/82,1811,1820,https://archives-deux-sevres-vienne.fr/ark:/58825/vta5c5d6a867d921de7/daogrp/0/layout:table/idsearch:RECH_84502e2f28aebff5779a1ea10c7d255f
Mauzé-sur-le-Mignon,3 Q 13/106,1811,1823,https://archives-deux-sevres-vienne.fr/ark:/58825/vta99a50e29fe9b86e0/daogrp/0/layout:table/idsearch:RECH_84502e2f28aebff5779a1ea10c7d255f
Mauzé-sur-le-Mignon,3 Q 13/107,1811,1823,https://archives-deux-sevres-vienne.fr/ark:/58825/vtab144b78494398a3a/daogrp/0/layout:table/idsearch:RECH_84502e2f28aebff5779a1ea10c7d255f
Parthenay,3 Q 19/159,1811,1824,https://archives-deux-sevres-vienne.fr/ark:/58825/vta520d5c93b23e1cd1/daogrp/0/layout:table/idsearch:RECH_84502e2f28aebff5779a1ea10c7d255f
La Mothe-Saint-Héray,3 Q 17/87,1811,1833,https://archives-deux-sevres-vienne.fr/ark:/58825/vta2824748db4e54262/daogrp/0/layout:table/idsearch:RECH_84502e2f28aebff5779a1ea10c7d255f
Niort,3 Q 18/549,1812,1814,https://archives-deux-sevres-vienne.fr/ark:/58825/vta331d94ddab44773e/daogrp/0/layout:table/idsearch:RECH_84502e2f28aebff5779a1ea10c7d255f
Chef-Boutonne,3 Q 9/299,1812,1822,https://archives-deux-sevres-vienne.fr/ark:/58825/vta319f1b8232eee1e9/daogrp/0/layout:table/idsearch:RECH_84502e2f28aebff5779a1ea10c7d255f
Saint-Maixent-l'École,3 Q 20/127,1812,1824,https://archives-deux-sevres-vienne.fr/ark:/58825/vta473f766ac84a5417/daogrp/0/layout:table/idsearch:RECH_84502e2f28aebff5779a1ea10c7d255f
Niort,3 Q 18/558,1813,1818,https://archives-deux-sevres-vienne.fr/ark:/58825/vta854d0d1949e86c90/daogrp/0/layout:table/idsearch:RECH_84502e2f28aebff5779a1ea10c7d255f
Bressuire,3 Q 4/93,1813,1819,https://archives-deux-sevres-vienne.fr/ark:/58825/vta02fc191d9442b793/daogrp/0/layout:table/idsearch:RECH_84502e2f28aebff5779a1ea10c7d255f
Moncoutant,3 Q 16/30,1813,1820,https://archives-deux-sevres-vienne.fr/ark:/58825/vta4580f248be404964/daogrp/0/layout:table/idsearch:RECH_84502e2f28aebff5779a1ea10c7d255f
Thouars,3 Q 24/157,1813,1820,https://archives-deux-sevres-vienne.fr/ark:/58825/vta1a4da709d08fe293/daogrp/0/layout:table/idsearch:RECH_84502e2f28aebff5779a1ea10c7d255f
La Mothe-Saint-Héray,3 Q 17/86,1813,1824,https://archives-deux-sevres-vienne.fr/ark:/58825/vtaa58034abd7ee8808/daogrp/0/layout:table/idsearch:RECH_84502e2f28aebff5779a1ea10c7d255f
Moncoutant,3 Q 16/33,1813,1824,https://archives-deux-sevres-vienne.fr/ark:/58825/vta99e7d9c2aa0fda40/daogrp/0/layout:table/idsearch:RECH_84502e2f28aebff5779a1ea10c7d255f
Thénezay,3 Q 23/68,1813,1824,https://archives-deux-sevres-vienne.fr/ark:/58825/vta05ca0178cf3b38da/daogrp/0/layout:table/idsearch:RECH_84502e2f28aebff5779a1ea10c7d255f
Coulonges-sur-l'Autize,3 Q 11/34,1814,1819,https://archives-deux-sevres-vienne.fr/ark:/58825/vtae8d26d5148327f8d/daogrp/0/layout:table/idsearch:RECH_84502e2f28aebff5779a1ea10c7d255f
Airvault,3 Q 2/47,1814,1820,https://archives-deux-sevres-vienne.fr/ark:/58825/vtac37b81d1637f9d27/daogrp/0/layout:table/idsearch:RECH_84502e2f28aebff5779a1ea10c7d255f
Argenton-Château,3 Q 3/42,1814,1820,https://archives-deux-sevres-vienne.fr/ark:/58825/vtabae6e03dc6a1882a/daogrp/0/layout:table/idsearch:RECH_84502e2f28aebff5779a1ea10c7d255f
Bressuire,3 Q 4/99,1814,1820,https://archives-deux-sevres-vienne.fr/ark:/58825/vta545bb146965047be/daogrp/0/layout:table/idsearch:RECH_84502e2f28aebff5779a1ea10c7d255f
Melle,3 Q 15/172,1814,1821,https://archives-deux-sevres-vienne.fr/ark:/58825/vta9b032321661bf3b6/daogrp/0/layout:table/idsearch:RECH_84502e2f28aebff5779a1ea10c7d255f
Coulonges-sur-l'Autize,3 Q 11/37,1814,1822,https://archives-deux-sevres-vienne.fr/ark:/58825/vta59b47710f135aa23/daogrp/0/layout:table/idsearch:RECH_84502e2f28aebff5779a1ea10c7d255f
Châtillon-sur-Sèvre,3 Q 8/39,1814,1823,https://archives-deux-sevres-vienne.fr/ark:/58825/vta9615ac90a521abed/daogrp/0/layout:table/idsearch:RECH_84502e2f28aebff5779a1ea10c7d255f
Chef-Boutonne,3 Q 9/76,1814,1823,https://archives-deux-sevres-vienne.fr/ark:/58825/vta9f3faa149dcf1d44/daogrp/0/layout:table/idsearch:RECH_84502e2f28aebff5779a1ea10c7d255f
Champdeniers,3 Q 7/49,1814,1824,https://archives-deux-sevres-vienne.fr/ark:/58825/vta0966f77b6ea77df4/daogrp/0/layout:table/idsearch:RECH_84502e2f28aebff5779a1ea10c7d255f
Chizé,3 Q 10/48,1814,1824,https://archives-deux-sevres-vienne.fr/ark:/58825/vta818b2839f5aed5f0/daogrp/0/layout:table/idsearch:RECH_84502e2f28aebff5779a1ea10c7d255f
Mauzé-sur-le-Mignon,3 Q 13/110,1814,1824,https://archives-deux-sevres-vienne.fr/ark:/58825/vta6b510edaf01323b8/daogrp/0/layout:table/idsearch:RECH_84502e2f28aebff5779a1ea10c7d255f
Thénezay,3 Q 23/189,1814,1824,https://archives-deux-sevres-vienne.fr/ark:/58825/vta6f56d3591fbbd65b/daogrp/0/layout:table/idsearch:RECH_84502e2f28aebff5779a1ea10c7d255f
La Mothe-Saint-Héray,3 Q 17/83,1815,1816,https://archives-deux-sevres-vienne.fr/ark:/58825/vta4eeaccfb30109af9/daogrp/0/layout:table/idsearch:RECH_84502e2f28aebff5779a1ea10c7d255f
Niort,3 Q 18/550,1815,1820,https://archives-deux-sevres-vienne.fr/ark:/58825/vta86811e8b947bf618/daogrp/0/layout:table/idsearch:RECH_84502e2f28aebff5779a1ea10c7d255f
Saint-Maixent-l'École,3 Q 20/122,1816,1824,https://archives-deux-sevres-vienne.fr/ark:/58825/vta9e60d945f871b55f/daogrp/0/layout:table/idsearch:RECH_84502e2f28aebff5779a1ea10c7d255f
Thouars,3 Q 24/163,1816,1824,https://archives-deux-sevres-vienne.fr/ark:/58825/vta42cf61cbf978c2f2/daogrp/0/layout:table/idsearch:RECH_84502e2f28aebff5779a1ea10c7d255f
Melle,3 Q 15/165,1817,1821,https://archives-deux-sevres-vienne.fr/ark:/58825/vta4cf29f4e774f1393/daogrp/0/layout:table/idsearch:RECH_84502e2f28aebff5779a1ea10c7d255f
Argenton-Château,3 Q 3/27,1817,1824,https://archives-deux-sevres-vienne.fr/ark:/58825/vta5df8470f0028df93/daogrp/0/layout:table/idsearch:RECH_84502e2f28aebff5779a1ea10c7d255f
Niort,3 Q 18/566,1818,1824,https://archives-deux-sevres-vienne.fr/ark:/58825/vtac867ee0c5e28c7b4/daogrp/0/layout:table/idsearch:RECH_84502e2f28aebff5779a1ea10c7d255f
Thouars,3 Q 24/158,1819,1823,https://archives-deux-sevres-vienne.fr/ark:/58825/vta520a5ff219e0b79a/daogrp/0/layout:table/idsearch:RECH_84502e2f28aebff5779a1ea10c7d255f
Bressuire,3 Q 4/94,1819,1824,https://archives-deux-sevres-vienne.fr/ark:/58825/vtaeb5f57f1cf206f37/daogrp/0/layout:table/idsearch:RECH_84502e2f28aebff5779a1ea10c7d255f
Bressuire,3 Q 4/95,1819,1824,https://archives-deux-sevres-vienne.fr/ark:/58825/vta7b4b70d92af35a2d/daogrp/0/layout:table/idsearch:RECH_84502e2f28aebff5779a1ea10c7d255f
Chizé,3 Q 10/52,1819,1824,https://archives-deux-sevres-vienne.fr/ark:/58825/vta8a7fd8022955e0e7/daogrp/0/layout:table/idsearch:RECH_84502e2f28aebff5779a1ea10c7d255f
Coulonges-sur-l'Autize,3 Q 11/35,1819,1824,https://archives-deux-sevres-vienne.fr/ark:/58825/vta875caa19507b1871/daogrp/0/layout:table/idsearch:RECH_84502e2f28aebff5779a1ea10c7d255f
Niort,3 Q 18/559,1819,1824,https://archives-deux-sevres-vienne.fr/ark:/58825/vta902002100a62c064/daogrp/0/layout:table/idsearch:RECH_84502e2f28aebff5779a1ea10c7d255f
Bressuire,3 Q 4/100,1819,1825,https://archives-deux-sevres-vienne.fr/ark:/58825/vta8f760536fd0241b0/daogrp/0/layout:table/idsearch:RECH_84502e2f28aebff5779a1ea10c7d255f
Airvault,3 Q 2/45,1820,1824,https://archives-deux-sevres-vienne.fr/ark:/58825/vta73754da3368428aa/daogrp/0/layout:table/idsearch:RECH_84502e2f28aebff5779a1ea10c7d255f
Airvault,3 Q 2/48,1820,1824,https://archives-deux-sevres-vienne.fr/ark:/58825/vta322de2da2e173f5e/daogrp/0/layout:table/idsearch:RECH_84502e2f28aebff5779a1ea10c7d255f
Argenton-Château,3 Q 3/25,1820,1824,https://archives-deux-sevres-vienne.fr/ark:/58825/vtaa89bd2b81f7e2bef/daogrp/0/layout:table/idsearch:RECH_84502e2f28aebff5779a1ea10c7d255f
Melle,3 Q 15/166,1820,1824,https://archives-deux-sevres-vienne.fr/ark:/58825/vta62c152919f07e179/daogrp/0/layout:table/idsearch:RECH_84502e2f28aebff5779a1ea10c7d255f
Moncoutant,3 Q 16/31,1820,1824,https://archives-deux-sevres-vienne.fr/ark:/58825/vtaa1609e2d1b113506/daogrp/0/layout:table/idsearch:RECH_84502e2f28aebff5779a1ea10c7d255f
Niort,3 Q 18/551,1820,1824,https://archives-deux-sevres-vienne.fr/ark:/58825/vta3888f5ac6015b2e7/daogrp/0/layout:table/idsearch:RECH_84502e2f28aebff5779a1ea10c7d255f
Moncoutant,3 Q 16/184,1820,1832,https://archives-deux-sevres-vienne.fr/ark:/58825/vtafa307c38195f0295/daogrp/0/layout:table/idsearch:RECH_84502e2f28aebff5779a1ea10c7d255f
Saint-Maixent-l'École,3 Q 20/128,1820,1832,https://archives-deux-sevres-vienne.fr/ark:/58825/vta276ae15349cf38a3/daogrp/0/layout:table/idsearch:RECH_84502e2f28aebff5779a1ea10c7d255f
Chef-Boutonne,3 Q 9/80,1820,1837,https://archives-deux-sevres-vienne.fr/ark:/58825/vtaba2842ecc5f58f72/daogrp/0/layout:table/idsearch:RECH_84502e2f28aebff5779a1ea10c7d255f
Coulonges-sur-l'Autize,3 Q 11/38,1821,1824,https://archives-deux-sevres-vienne.fr/ark:/58825/vta712339d478d0e2e0/daogrp/0/layout:table/idsearch:RECH_84502e2f28aebff5779a1ea10c7d255f
Melle,3 Q 15/173,1821,1824,https://archives-deux-sevres-vienne.fr/ark:/58825/vta6cbf25f9c945903d/daogrp/0/layout:table/idsearch:RECH_84502e2f28aebff5779a1ea10c7d255f
Châtillon-sur-Sèvre,3 Q 8/40,1822,1824,https://archives-deux-sevres-vienne.fr/ark:/58825/vta62221784b8644068/daogrp/0/layout:table/idsearch:RECH_84502e2f28aebff5779a1ea10c7d255f
Chef-Boutonne,3 Q 9/565,1822,1824,https://archives-deux-sevres-vienne.fr/ark:/58825/vta6b0753da1c75f68d/daogrp/0/layout:table/idsearch:RECH_84502e2f28aebff5779a1ea10c7d255f
Sauzé-Vaussais,3 Q 21/85,1822,1824,https://archives-deux-sevres-vienne.fr/ark:/58825/vta7f9919edded35d9f/daogrp/0/layout:table/idsearch:RECH_84502e2f28aebff5779a1ea10c7d255f
Thouars,3 Q 24/164,1822,1831,https://archives-deux-sevres-vienne.fr/ark:/58825/vta02da90f482aba60c/daogrp/0/layout:table/idsearch:RECH_84502e2f28aebff5779a1ea10c7d255f
Coulonges-sur-l'Autize,3 Q 11/39,1822,1834,https://archives-deux-sevres-vienne.fr/ark:/58825/vta396eb1aa89b50566/daogrp/0/layout:table/idsearch:RECH_84502e2f28aebff5779a1ea10c7d255f
Thénezay,3 Q 23/190,1822,1838,https://archives-deux-sevres-vienne.fr/ark:/58825/vta980bf10cf9933911/daogrp/0/layout:table/idsearch:RECH_84502e2f28aebff5779a1ea10c7d255f
Moncoutant,3 Q 16/34,1823,1824,https://archives-deux-sevres-vienne.fr/ark:/58825/vta5a8f44992fbd3ee2/daogrp/0/layout:table/idsearch:RECH_84502e2f28aebff5779a1ea10c7d255f
Thouars,3 Q 24/159,1823,1824,https://archives-deux-sevres-vienne.fr/ark:/58825/vta974b70ad0dc53a0b/daogrp/0/layout:table/idsearch:RECH_84502e2f28aebff5779a1ea10c7d255f
Chef-Boutonne,3 Q 9/77,1823,1825,https://archives-deux-sevres-vienne.fr/ark:/58825/vta58b5cbca4b91d924/daogrp/0/layout:table/idsearch:RECH_84502e2f28aebff5779a1ea10c7d255f
Champdeniers,3 Q 7/53,1823,1844,https://archives-deux-sevres-vienne.fr/ark:/58825/vta466ed61a361934a5/daogrp/0/layout:table/idsearch:RECH_84502e2f28aebff5779a1ea10c7d255f
Champdeniers,3 Q 7/50,1824,1825,https://archives-deux-sevres-vienne.fr/ark:/58825/vtadfb84a55e011b5f5/daogrp/0/layout:table/idsearch:RECH_84502e2f28aebff5779a1ea10c7d255f
Melle,3 Q 15/174,1824,1830,https://archives-deux-sevres-vienne.fr/ark:/58825/vta54182879f8beb1a2/daogrp/0/layout:table/idsearch:RECH_84502e2f28aebff5779a1ea10c7d255f
Secondigny,3 Q 22/149,1824,1839,https://archives-deux-sevres-vienne.fr/ark:/58825/vta6bae51874aa1a7b5/daogrp/0/layout:table/idsearch:RECH_84502e2f28aebff5779a1ea10c7d255f
Châtillon-sur-Sèvre,3 Q 8/190,1824,1841,https://archives-deux-sevres-vienne.fr/ark:/58825/vta0ec7ccc47cf6443b/daogrp/0/layout:table/idsearch:RECH_84502e2f28aebff5779a1ea10c7d255f
Niort,3 Q 18/567,1825,1828,https://archives-deux-sevres-vienne.fr/ark:/58825/vta8e9a9bc0b0da1c33/daogrp/0/layout:table/idsearch:RECH_84502e2f28aebff5779a1ea10c7d255f
Parthenay,3 Q 19/404,1825,1829,https://archives-deux-sevres-vienne.fr/ark:/58825/vta67f1de6d6cd4ebec/daogrp/0/layout:table/idsearch:RECH_84502e2f28aebff5779a1ea10c7d255f
Argenton-Château,3 Q 3/28,1825,1830,https://archives-deux-sevres-vienne.fr/ark:/58825/vtae996194108f1afe3/daogrp/0/layout:table/idsearch:RECH_84502e2f28aebff5779a1ea10c7d255f
Bressuire,3 Q 4/311,1825,1830,https://archives-deux-sevres-vienne.fr/ark:/58825/vta2e4a6d8834e33761/daogrp/0/layout:table/idsearch:RECH_84502e2f28aebff5779a1ea10c7d255f
Airvault,3 Q 2/49,1825,1833,https://archives-deux-sevres-vienne.fr/ark:/58825/vta171726452c969281/daogrp/0/layout:table/idsearch:RECH_84502e2f28aebff5779a1ea10c7d255f
Niort,3 Q 18/568,1828,1832,https://archives-deux-sevres-vienne.fr/ark:/58825/vtadbcf0a964528954e/daogrp/0/layout:table/idsearch:RECH_84502e2f28aebff5779a1ea10c7d255f
Parthenay,3 Q 19/405,1828,1835,https://archives-deux-sevres-vienne.fr/ark:/58825/vta17306878aa6ecc90/daogrp/0/layout:table/idsearch:RECH_84502e2f28aebff5779a1ea10c7d255f
Melle,3 Q 15/175,1830,1835,https://archives-deux-sevres-vienne.fr/ark:/58825/vta40280892a34f4d7b/daogrp/0/layout:table/idsearch:RECH_84502e2f28aebff5779a1ea10c7d255f
Bressuire,3 Q 4/312,1830,1836,https://archives-deux-sevres-vienne.fr/ark:/58825/vta4bd50c9bfedb4663/daogrp/0/layout:table/idsearch:RECH_84502e2f28aebff5779a1ea10c7d255f
Argenton-Château,3 Q 3/29,1830,1837,https://archives-deux-sevres-vienne.fr/ark:/58825/vta41921905dc77c232/daogrp/0/layout:table/idsearch:RECH_84502e2f28aebff5779a1ea10c7d255f
Niort,3 Q 18/569,1832,1835,https://archives-deux-sevres-vienne.fr/ark:/58825/vtad8e262e96212c173/daogrp/0/layout:table/idsearch:RECH_84502e2f28aebff5779a1ea10c7d255f
Thouars,3 Q 24/165,1832,1836,https://archives-deux-sevres-vienne.fr/ark:/58825/vta868be9fc5bbe5fca/daogrp/0/layout:table/idsearch:RECH_84502e2f28aebff5779a1ea10c7d255f
Saint-Maixent-l'École,3 Q 20/129,1832,1840,https://archives-deux-sevres-vienne.fr/ark:/58825/vta076a58791bf23d00/daogrp/0/layout:table/idsearch:RECH_84502e2f28aebff5779a1ea10c7d255f
Airvault,3 Q 2/50,1833,1839,https://archives-deux-sevres-vienne.fr/ark:/58825/vta03586ce817c0d8cb/daogrp/0/layout:table/idsearch:RECH_84502e2f28aebff5779a1ea10c7d255f
Coulonges-sur-l'Autize,3 Q 11/40,1833,1841,https://archives-deux-sevres-vienne.fr/ark:/58825/vta172418ae39bc90b5/daogrp/0/layout:table/idsearch:RECH_84502e2f28aebff5779a1ea10c7d255f
Moncoutant,3 Q 16/185,1833,1842,https://archives-deux-sevres-vienne.fr/ark:/58825/vta9c29bb06e7d64d41/daogrp/0/layout:table/idsearch:RECH_84502e2f28aebff5779a1ea10c7d255f
La Mothe-Saint-Héray,3 Q 17/88,1834,1838,https://archives-deux-sevres-vienne.fr/ark:/58825/vtaa4d29c3d01ff0591/daogrp/0/layout:table/idsearch:RECH_84502e2f28aebff5779a1ea10c7d255f
Sauzé-Vaussais,3 Q 21/288,1834,1842,https://archives-deux-sevres-vienne.fr/ark:/58825/vta17d31509ba7a2eb1/daogrp/0/layout:table/idsearch:RECH_84502e2f28aebff5779a1ea10c7d255f
Mauzé-sur-le-Mignon,3 Q 13/112,1834,1844,https://archives-deux-sevres-vienne.fr/ark:/58825/vtaaa4d27acc139114d/daogrp/0/layout:table/idsearch:RECH_84502e2f28aebff5779a1ea10c7d255f
Niort,3 Q 18/570,1835,1839,https://archives-deux-sevres-vienne.fr/ark:/58825/vta4cde6063fed1c9c6/daogrp/0/layout:table/idsearch:RECH_84502e2f28aebff5779a1ea10c7d255f
Melle,3 Q 15/176,1835,1840,https://archives-deux-sevres-vienne.fr/ark:/58825/vta905c56978c2f10c7/daogrp/0/layout:table/idsearch:RECH_84502e2f28aebff5779a1ea10c7d255f
Bressuire,3 Q 4/313,1836,1841,https://archives-deux-sevres-vienne.fr/ark:/58825/vtac71156c48c3cf2c9/daogrp/0/layout:table/idsearch:RECH_84502e2f28aebff5779a1ea10c7d255f
Parthenay,3 Q 19/406,1836,1841,https://archives-deux-sevres-vienne.fr/ark:/58825/vta6534e56a7946b8e0/daogrp/0/layout:table/idsearch:RECH_84502e2f28aebff5779a1ea10c7d255f
Thouars,3 Q 24/166,1836,1843,https://archives-deux-sevres-vienne.fr/ark:/58825/vtaf592a35fa8d80d79/daogrp/0/layout:table/idsearch:RECH_84502e2f28aebff5779a1ea10c7d255f
Thénezay,3 Q 23/191,1836,1854,https://archives-deux-sevres-vienne.fr/ark:/58825/vta9abf9ea5066f66d8/daogrp/0/layout:table/idsearch:RECH_84502e2f28aebff5779a1ea10c7d255f
Argenton-Château,3 Q 3/30,1837,1843,https://archives-deux-sevres-vienne.fr/ark:/58825/vtaf3ebd23189c7aebe/daogrp/0/layout:table/idsearch:RECH_84502e2f28aebff5779a1ea10c7d255f
Chef-Boutonne,3 Q 9/300,1838,1849,https://archives-deux-sevres-vienne.fr/ark:/58825/vta002cb85b7a359a36/daogrp/0/layout:table/idsearch:RECH_84502e2f28aebff5779a1ea10c7d255f
La Mothe-Saint-Héray,3 Q 17/257,1838,1849,https://archives-deux-sevres-vienne.fr/ark:/58825/vtaddbf0647b81b9ca6/daogrp/0/layout:table/idsearch:RECH_84502e2f28aebff5779a1ea10c7d255f
Brioux-sur-Boutonne,3 Q 5/194,1838,1851,https://archives-deux-sevres-vienne.fr/ark:/58825/vta9f209bd7a66d3316/daogrp/0/layout:table/idsearch:RECH_84502e2f28aebff5779a1ea10c7d255f
Melle,3 Q 15/177,1839,1844,https://archives-deux-sevres-vienne.fr/ark:/58825/vta1f3ae7b5bf494310/daogrp/0/layout:table/idsearch:RECH_84502e2f28aebff5779a1ea10c7d255f
Airvault,3 Q 2/51,1839,1850,https://archives-deux-sevres-vienne.fr/ark:/58825/vta90e07a9a1c29086c/daogrp/0/layout:table/idsearch:RECH_84502e2f28aebff5779a1ea10c7d255f
Secondigny,3 Q 22/150,1839,1854,https://archives-deux-sevres-vienne.fr/ark:/58825/vtaaf5301e2a44c6559/daogrp/0/layout:table/idsearch:RECH_84502e2f28aebff5779a1ea10c7d255f
Niort,3 Q 18/571,1840,1841,https://archives-deux-sevres-vienne.fr/ark:/58825/vta288d5fe0fc54557b/daogrp/0/layout:table/idsearch:RECH_84502e2f28aebff5779a1ea10c7d255f
Châtillon-sur-Sèvre,3 Q 8/191,1840,1852,https://archives-deux-sevres-vienne.fr/ark:/58825/vta18ab50fbf5f8d3b5/daogrp/0/layout:table/idsearch:RECH_84502e2f28aebff5779a1ea10c7d255f
Niort,3 Q 18/572,1841,1844,https://archives-deux-sevres-vienne.fr/ark:/58825/vta36fd3d01a0d94fa3/daogrp/0/layout:table/idsearch:RECH_84502e2f28aebff5779a1ea10c7d255f
Parthenay,3 Q 19/407,1841,1846,https://archives-deux-sevres-vienne.fr/ark:/58825/vta2ad0251f79f2d1df/daogrp/0/layout:table/idsearch:RECH_84502e2f28aebff5779a1ea10c7d255f
Saint-Maixent-l'École,3 Q 20/389,1841,1846,https://archives-deux-sevres-vienne.fr/ark:/58825/vta21ee5851a6486766/daogrp/0/layout:table/idsearch:RECH_84502e2f28aebff5779a1ea10c7d255f
Bressuire,3 Q 4/314,1841,1847,https://archives-deux-sevres-vienne.fr/ark:/58825/vta92973c9c6a5c4b6a/daogrp/0/layout:table/idsearch:RECH_84502e2f28aebff5779a1ea10c7d255f
Coulonges-sur-l'Autize,3 Q 11/41,1841,1849,https://archives-deux-sevres-vienne.fr/ark:/58825/vta64772a7b171b2572/daogrp/0/layout:table/idsearch:RECH_84502e2f28aebff5779a1ea10c7d255f
Sauzé-Vaussais,3 Q 21/289,1842,1851,https://archives-deux-sevres-vienne.fr/ark:/58825/vtac38f5eed9f05ad52/daogrp/0/layout:table/idsearch:RECH_84502e2f28aebff5779a1ea10c7d255f
Moncoutant,3 Q 16/186,1842,1853,https://archives-deux-sevres-vienne.fr/ark:/58825/vta7ea6144833088e35/daogrp/0/layout:table/idsearch:RECH_84502e2f28aebff5779a1ea10c7d255f
Thouars,3 Q 24/167,1843,1850,https://archives-deux-sevres-vienne.fr/ark:/58825/vtae3ff865d93aff4a8/daogrp/0/layout:table/idsearch:RECH_84502e2f28aebff5779a1ea10c7d255f
Mauzé-sur-le-Mignon,3 Q 13/295,1843,1852,https://archives-deux-sevres-vienne.fr/ark:/58825/vta3a49101db3c784d0/daogrp/0/layout:table/idsearch:RECH_84502e2f28aebff5779a1ea10c7d255f
Lezay,3 Q 12/135,1843,1854,https://archives-deux-sevres-vienne.fr/ark:/58825/vta10024fc56f264bb6/daogrp/0/layout:table/idsearch:RECH_84502e2f28aebff5779a1ea10c7d255f
Champdeniers,3 Q 7/202,1844,1854,https://archives-deux-sevres-vienne.fr/ark:/58825/vtafd5ed97334398d38/daogrp/0/layout:table/idsearch:RECH_84502e2f28aebff5779a1ea10c7d255f
Niort,3 Q 18/573,1845,1848,https://archives-deux-sevres-vienne.fr/ark:/58825/vtad92d3af33340b3ee/daogrp/0/layout:table/idsearch:RECH_84502e2f28aebff5779a1ea10c7d255f
Melle,3 Q 15/178,1845,1849,https://archives-deux-sevres-vienne.fr/ark:/58825/vta72904addc1be2383/daogrp/0/layout:table/idsearch:RECH_84502e2f28aebff5779a1ea10c7d255f
Parthenay,3 Q 19/408,1846,1850,https://archives-deux-sevres-vienne.fr/ark:/58825/vtaf5bfb6c28807cfdf/daogrp/0/layout:table/idsearch:RECH_84502e2f28aebff5779a1ea10c7d255f
Bressuire,3 Q 4/315,1847,1853,https://archives-deux-sevres-vienne.fr/ark:/58825/vtaa5cbc92d4241c3e6/daogrp/0/layout:table/idsearch:RECH_84502e2f28aebff5779a1ea10c7d255f
Saint-Maixent-l'École,3 Q 20/390,1847,1853,https://archives-deux-sevres-vienne.fr/ark:/58825/vta63e99d340272c85d/daogrp/0/layout:table/idsearch:RECH_84502e2f28aebff5779a1ea10c7d255f
La Mothe-Saint-Héray,3 Q 17/258,1847,1861,https://archives-deux-sevres-vienne.fr/ark:/58825/vtaf4bc17bac2914f7e/daogrp/0/layout:table/idsearch:RECH_84502e2f28aebff5779a1ea10c7d255f
Niort,3 Q 18/574,1848,1850,https://archives-deux-sevres-vienne.fr/ark:/58825/vta9d4138c898b61b76/daogrp/0/layout:table/idsearch:RECH_84502e2f28aebff5779a1ea10c7d255f
Melle,3 Q 15/441,1849,1850,https://archives-deux-sevres-vienne.fr/ark:/58825/vta250fd997e30964db/daogrp/0/layout:table/idsearch:RECH_84502e2f28aebff5779a1ea10c7d255f
Melle,3 Q 15/442,1849,1854,https://archives-deux-sevres-vienne.fr/ark:/58825/vta2787b4a6ea664a95/daogrp/0/layout:table/idsearch:RECH_84502e2f28aebff5779a1ea10c7d255f
Coulonges-sur-l'Autize,3 Q 11/42,1849,1857,https://archives-deux-sevres-vienne.fr/ark:/58825/vtaba02ce02ba869f2c/daogrp/0/layout:table/idsearch:RECH_84502e2f28aebff5779a1ea10c7d255f
Chef-Boutonne,3 Q 9/301,1849,1862,https://archives-deux-sevres-vienne.fr/ark:/58825/vta160d95fc6ef51819/daogrp/0/layout:table/idsearch:RECH_84502e2f28aebff5779a1ea10c7d255f
Niort,3 Q 18/575,1850,1854,https://archives-deux-sevres-vienne.fr/ark:/58825/vta72b507cfd6317730/daogrp/0/layout:table/idsearch:RECH_84502e2f28aebff5779a1ea10c7d255f
Parthenay,3 Q 19/409,1850,1855,https://archives-deux-sevres-vienne.fr/ark:/58825/vta6afa30a19de0ab0b/daogrp/0/layout:table/idsearch:RECH_84502e2f28aebff5779a1ea10c7d255f
Thouars,3 Q 24/520,1850,1856,https://archives-deux-sevres-vienne.fr/ark:/58825/vta4173e70bbf1068b5/daogrp/0/layout:table/idsearch:RECH_84502e2f28aebff5779a1ea10c7d255f
Airvault,3 Q 2/52,1850,1858,https://archives-deux-sevres-vienne.fr/ark:/58825/vtac38fd261f17cd692/daogrp/0/layout:table/idsearch:RECH_84502e2f28aebff5779a1ea10c7d255f
Brioux-sur-Boutonne,3 Q 5/195,1851,1859,https://archives-deux-sevres-vienne.fr/ark:/58825/vta9a2bd5ec278f894a/daogrp/0/layout:table/idsearch:RECH_84502e2f28aebff5779a1ea10c7d255f
Sauzé-Vaussais,3 Q 21/290,1851,1861,https://archives-deux-sevres-vienne.fr/ark:/58825/vtab1b31cbde789d03a/daogrp/0/layout:table/idsearch:RECH_84502e2f28aebff5779a1ea10c7d255f
Mauzé-sur-le-Mignon,3 Q 13/296,1852,1860,https://archives-deux-sevres-vienne.fr/ark:/58825/vta8d1eca225de7bbfc/daogrp/0/layout:table/idsearch:RECH_84502e2f28aebff5779a1ea10c7d255f
Argenton-Château,3 Q 3/31,1852,1861,https://archives-deux-sevres-vienne.fr/ark:/58825/vtacfe38fae6f43b1ae/daogrp/0/layout:table/idsearch:RECH_84502e2f28aebff5779a1ea10c7d255f
Châtillon-sur-Sèvre,3 Q 8/192,1852,1862,https://archives-deux-sevres-vienne.fr/ark:/58825/vtaec019ea50a924535/daogrp/0/layout:table/idsearch:RECH_84502e2f28aebff5779a1ea10c7d255f
Moncoutant,3 Q 16/187,1852,1863,https://archives-deux-sevres-vienne.fr/ark:/58825/vta2387e7820a5639cf/daogrp/0/layout:table/idsearch:RECH_84502e2f28aebff5779a1ea10c7d255f
Thénezay,3 Q 23/192,1852,1871,https://archives-deux-sevres-vienne.fr/ark:/58825/vta4bc5fc32d3245119/daogrp/0/layout:table/idsearch:RECH_84502e2f28aebff5779a1ea10c7d255f
Parthenay,3 Q 19/410,1853,1857,https://archives-deux-sevres-vienne.fr/ark:/58825/vta198a6544aa019b5d/daogrp/0/layout:table/idsearch:RECH_84502e2f28aebff5779a1ea10c7d255f
Saint-Maixent-l'École,3 Q 20/391,1853,1858,https://archives-deux-sevres-vienne.fr/ark:/58825/vta72f9568477051e6e/daogrp/0/layout:table/idsearch:RECH_84502e2f28aebff5779a1ea10c7d255f
Bressuire,3 Q 4/316,1853,1859,https://archives-deux-sevres-vienne.fr/ark:/58825/vta40528c169331175f/daogrp/0/layout:table/idsearch:RECH_84502e2f28aebff5779a1ea10c7d255f
Niort,3 Q 18/576,1854,1856,https://archives-deux-sevres-vienne.fr/ark:/58825/vta630cea9021f4cef1/daogrp/0/layout:table/idsearch:RECH_84502e2f28aebff5779a1ea10c7d255f
Lezay,3 Q 12/136,1854,1865,https://archives-deux-sevres-vienne.fr/ark:/58825/vta9eb177583f2d39fb/daogrp/0/layout:table/idsearch:RECH_84502e2f28aebff5779a1ea10c7d255f
Secondigny,3 Q 22/151,1854,1866,https://archives-deux-sevres-vienne.fr/ark:/58825/vtafcd4c83de007a0e5/daogrp/0/layout:table/idsearch:RECH_84502e2f28aebff5779a1ea10c7d255f
Ménigoute,3 Q 26/57,1854,1871,https://archives-deux-sevres-vienne.fr/ark:/58825/vta54b9c206ddc937f0/daogrp/0/layout:table/idsearch:RECH_84502e2f28aebff5779a1ea10c7d255f
Melle,3 Q 15/443,1855,1860,https://archives-deux-sevres-vienne.fr/ark:/58825/vta54cda2c696c4b046/daogrp/0/layout:table/idsearch:RECH_84502e2f28aebff5779a1ea10c7d255f
Thouars,3 Q 24/521,1855,1862,https://archives-deux-sevres-vienne.fr/ark:/58825/vta7c2a02b247bab921/daogrp/0/layout:table/idsearch:RECH_84502e2f28aebff5779a1ea10c7d255f
Champdeniers,3 Q 7/203,1855,1869,https://archives-deux-sevres-vienne.fr/ark:/58825/vtab98c07e847e7287b/daogrp/0/layout:table/idsearch:RECH_84502e2f28aebff5779a1ea10c7d255f
Niort,3 Q 18/577,1856,1859,https://archives-deux-sevres-vienne.fr/ark:/58825/vta53685a427f92de03/daogrp/0/layout:table/idsearch:RECH_84502e2f28aebff5779a1ea10c7d255f
Parthenay,3 Q 19/411,1857,1861,https://archives-deux-sevres-vienne.fr/ark:/58825/vta03e29e2ada6ecd72/daogrp/0/layout:table/idsearch:RECH_84502e2f28aebff5779a1ea10c7d255f
Coulonges-sur-l'Autize,3 Q 11/276,1857,1865,https://archives-deux-sevres-vienne.fr/ark:/58825/vta2e85c5b1429f6e4a/daogrp/0/layout:table/idsearch:RECH_84502e2f28aebff5779a1ea10c7d255f
Melle,3 Q 15/444,1858,1864,https://archives-deux-sevres-vienne.fr/ark:/58825/vtabb29e8d14877ac29/daogrp/0/layout:table/idsearch:RECH_84502e2f28aebff5779a1ea10c7d255f
Saint-Maixent-l'École,3 Q 20/392,1858,1864,https://archives-deux-sevres-vienne.fr/ark:/58825/vta66c50a6bd3f39f75/daogrp/0/layout:table/idsearch:RECH_84502e2f28aebff5779a1ea10c7d255f
Niort,3 Q 18/578,1859,1862,https://archives-deux-sevres-vienne.fr/ark:/58825/vta6127ca0b6bb2424d/daogrp/0/layout:table/idsearch:RECH_84502e2f28aebff5779a1ea10c7d255f
Bressuire,3 Q 4/317,1859,1864,https://archives-deux-sevres-vienne.fr/ark:/58825/vtaa55a71baa95f0741/daogrp/0/layout:table/idsearch:RECH_84502e2f28aebff5779a1ea10c7d255f
Mauzé-sur-le-Mignon,3 Q 13/297,1859,1867,https://archives-deux-sevres-vienne.fr/ark:/58825/vta25d559b6a31b4c16/daogrp/0/layout:table/idsearch:RECH_84502e2f28aebff5779a1ea10c7d255f
Airvault,3 Q 2/53,1859,1868,https://archives-deux-sevres-vienne.fr/ark:/58825/vta0f43988dcd20b6b0/daogrp/0/layout:table/idsearch:RECH_84502e2f28aebff5779a1ea10c7d255f
Brioux-sur-Boutonne,3 Q 5/196,1859,1871,https://archives-deux-sevres-vienne.fr/ark:/58825/vta1cf3878aad1315d4/daogrp/0/layout:table/idsearch:RECH_84502e2f28aebff5779a1ea10c7d255f
La Mothe-Saint-Héray,3 Q 17/259,1860,1873,https://archives-deux-sevres-vienne.fr/ark:/58825/vta81ae97dff1a2ccbe/daogrp/0/layout:table/idsearch:RECH_84502e2f28aebff5779a1ea10c7d255f
Niort,3 Q 18/579,1861,1866,https://archives-deux-sevres-vienne.fr/ark:/58825/vtadb31039f18ac1d85/daogrp/0/layout:table/idsearch:RECH_84502e2f28aebff5779a1ea10c7d255f
Parthenay,3 Q 19/412,1861,1866,https://archives-deux-sevres-vienne.fr/ark:/58825/vta98d0fe843c620832/daogrp/0/layout:table/idsearch:RECH_84502e2f28aebff5779a1ea10c7d255f
Argenton-Château,3 Q 3/32,1861,1869,https://archives-deux-sevres-vienne.fr/ark:/58825/vta329092a8ef32a5b0/daogrp/0/layout:table/idsearch:RECH_84502e2f28aebff5779a1ea10c7d255f
Chef-Boutonne,3 Q 9/302,1861,1871,https://archives-deux-sevres-vienne.fr/ark:/58825/vtac739ae5821c48ae9/daogrp/0/layout:table/idsearch:RECH_84502e2f28aebff5779a1ea10c7d255f
Thouars,3 Q 24/522,1862,1869,https://archives-deux-sevres-vienne.fr/ark:/58825/vta936284f0d245a427/daogrp/0/layout:table/idsearch:RECH_84502e2f28aebff5779a1ea10c7d255f
Sauzé-Vaussais,3 Q 21/291,1862,1870,https://archives-deux-sevres-vienne.fr/ark:/58825/vta0d71211acb670580/daogrp/0/layout:table/idsearch:RECH_84502e2f28aebff5779a1ea10c7d255f
Châtillon-sur-Sèvre,3 Q 8/193,1863,1871,https://archives-deux-sevres-vienne.fr/ark:/58825/vta447c4a17a6779e88/daogrp/0/layout:table/idsearch:RECH_84502e2f28aebff5779a1ea10c7d255f
Moncoutant,3 Q 16/188,1863,1873,https://archives-deux-sevres-vienne.fr/ark:/58825/vtae9ca22a57e9aa9d6/daogrp/0/layout:table/idsearch:RECH_84502e2f28aebff5779a1ea10c7d255f
Niort,3 Q 18/1444,1864,1866,https://archives-deux-sevres-vienne.fr/ark:/58825/vtacc7b7902f7842de4/daogrp/0/layout:table/idsearch:RECH_84502e2f28aebff5779a1ea10c7d255f
Bressuire,3 Q 4/318,1864,1869,https://archives-deux-sevres-vienne.fr/ark:/58825/vtad4903c2110ae647c/daogrp/0/layout:table/idsearch:RECH_84502e2f28aebff5779a1ea10c7d255f
Melle,3 Q 15/445,1864,1870,https://archives-deux-sevres-vienne.fr/ark:/58825/vtaf94872548360ff24/daogrp/0/layout:table/idsearch:RECH_84502e2f28aebff5779a1ea10c7d255f
Saint-Maixent-l'École,3 Q 20/448,1864,1871,https://archives-deux-sevres-vienne.fr/ark:/58825/vta5a9424b6dee7b9d4/daogrp/0/layout:table/idsearch:RECH_84502e2f28aebff5779a1ea10c7d255f
Beauvoir-sur-Niort,3 Q 25/70,1864,1873,https://archives-deux-sevres-vienne.fr/ark:/58825/vta479c935237d7513d/daogrp/0/layout:table/idsearch:RECH_84502e2f28aebff5779a1ea10c7d255f
Coulonges-sur-l'Autize,3 Q 11/277,1865,1873,https://archives-deux-sevres-vienne.fr/ark:/58825/vtafb818c2570702191/daogrp/0/layout:table/idsearch:RECH_84502e2f28aebff5779a1ea10c7d255f
Lezay,3 Q 12/167,1865,1878,https://archives-deux-sevres-vienne.fr/ark:/58825/vta5099e9f27bd8f401/daogrp/0/layout:table/idsearch:RECH_84502e2f28aebff5779a1ea10c7d255f
Niort,3 Q 18/1445,1866,1869,https://archives-deux-sevres-vienne.fr/ark:/58825/vtae31878bb55c893cf/daogrp/0/layout:table/idsearch:RECH_84502e2f28aebff5779a1ea10c7d255f
Parthenay,3 Q 19/413,1866,1870,https://archives-deux-sevres-vienne.fr/ark:/58825/vta62c87ebac965e183/daogrp/0/layout:table/idsearch:RECH_84502e2f28aebff5779a1ea10c7d255f
Thouars,3 Q 24/523,1869,1873,https://archives-deux-sevres-vienne.fr/ark:/58825/vtad0f0322809566a3e/daogrp/0/layout:table/idsearch:RECH_84502e2f28aebff5779a1ea10c7d255f
Niort,3 Q 18/1448,1866,1876,https://archives-deux-sevres-vienne.fr/ark:/58825/vtafab584e0ccf9836f/daogrp/0/layout:table/idsearch:RECH_84502e2f28aebff5779a1ea10c7d255f
Secondigny,3 Q 22/152,1866,1877,https://archives-deux-sevres-vienne.fr/ark:/58825/vta497a3693746c9a32/daogrp/0/layout:table/idsearch:RECH_84502e2f28aebff5779a1ea10c7d255f
Mauzé-sur-le-Mignon,3 Q 13/298,1867,1874,https://archives-deux-sevres-vienne.fr/ark:/58825/vtaf57125db27bd1d81/daogrp/0/layout:table/idsearch:RECH_84502e2f28aebff5779a1ea10c7d255f
Airvault,3 Q 2/54,1868,1876,https://archives-deux-sevres-vienne.fr/ark:/58825/vtae6eb10df3dea7d15/daogrp/0/layout:table/idsearch:RECH_84502e2f28aebff5779a1ea10c7d255f
Mauzé-sur-le-Mignon,3 Q 13/373,1868,1887,https://archives-deux-sevres-vienne.fr/ark:/58825/vtac6ac00b2796945b8/daogrp/0/layout:table/idsearch:RECH_84502e2f28aebff5779a1ea10c7d255f
Niort,3 Q 18/1446,1869,1871,https://archives-deux-sevres-vienne.fr/ark:/58825/vta30e77d74a57fa256/daogrp/0/layout:table/idsearch:RECH_84502e2f28aebff5779a1ea10c7d255f
Bressuire,3 Q 4/319,1869,1873,https://archives-deux-sevres-vienne.fr/ark:/58825/vta5590f024e3bf15bc/daogrp/0/layout:table/idsearch:RECH_84502e2f28aebff5779a1ea10c7d255f
Champdeniers,3 Q 7/204,1869,1886,https://archives-deux-sevres-vienne.fr/ark:/58825/vta3a5b952d307ee560/daogrp/0/layout:table/idsearch:RECH_84502e2f28aebff5779a1ea10c7d255f
Parthenay,3 Q 19/414,1870,1876,https://archives-deux-sevres-vienne.fr/ark:/58825/vta13b7067c9e62ec47/daogrp/0/layout:table/idsearch:RECH_84502e2f28aebff5779a1ea10c7d255f
Melle,3 Q 15/446,1870,1878,https://archives-deux-sevres-vienne.fr/ark:/58825/vta7822e205e9fb2b8d/daogrp/0/layout:table/idsearch:RECH_84502e2f28aebff5779a1ea10c7d255f
Sauzé-Vaussais,3 Q 21/292,1870,1881,https://archives-deux-sevres-vienne.fr/ark:/58825/vtaac469959816bbad2/daogrp/0/layout:table/idsearch:RECH_84502e2f28aebff5779a1ea10c7d255f
Châtillon-sur-Sèvre,3 Q 8/194,1870,1883,https://archives-deux-sevres-vienne.fr/ark:/58825/vta03a310267f3860df/daogrp/0/layout:table/idsearch:RECH_84502e2f28aebff5779a1ea10c7d255f
Celles-sur-Belle,3 Q 6/41,1870,1889,https://archives-deux-sevres-vienne.fr/ark:/58825/vtaf4e1f51fbd8716b5/daogrp/0/layout:table/idsearch:RECH_84502e2f28aebff5779a1ea10c7d255f
Niort,3 Q 18/1447,1871,1873,https://archives-deux-sevres-vienne.fr/ark:/58825/vta36407af539597ca7/daogrp/0/layout:table/idsearch:RECH_84502e2f28aebff5779a1ea10c7d255f
Saint-Maixent-l'École,3 Q 20/431,1871,1876,https://archives-deux-sevres-vienne.fr/ark:/58825/vtaa6e1430eece7cad7/daogrp/0/layout:table/idsearch:RECH_84502e2f28aebff5779a1ea10c7d255f
Chef-Boutonne,3 Q 9/303,1871,1879,https://archives-deux-sevres-vienne.fr/ark:/58825/vta22d819c08ce923e3/daogrp/0/layout:table/idsearch:RECH_84502e2f28aebff5779a1ea10c7d255f
Brioux-sur-Boutonne,3 Q 5/197,1871,1884,https://archives-deux-sevres-vienne.fr/ark:/58825/vta4b5a855fdca81135/daogrp/0/layout:table/idsearch:RECH_84502e2f28aebff5779a1ea10c7d255f
Ménigoute,3 Q 26/53,1871,1884,https://archives-deux-sevres-vienne.fr/ark:/58825/vtac153573a078715d6/daogrp/0/layout:table/idsearch:RECH_84502e2f28aebff5779a1ea10c7d255f
Thénezay,3 Q 23/218,1871,1893,https://archives-deux-sevres-vienne.fr/ark:/58825/vta6193b73b08f5b460/daogrp/0/layout:table/idsearch:RECH_84502e2f28aebff5779a1ea10c7d255f
Bressuire,3 Q 4/320,1873,1880,https://archives-deux-sevres-vienne.fr/ark:/58825/vtaebe3b4508045134c/daogrp/0/layout:table/idsearch:RECH_84502e2f28aebff5779a1ea10c7d255f
Thouars,3 Q 24/524,1873,1881,https://archives-deux-sevres-vienne.fr/ark:/58825/vta7e898caa01ae30b3/daogrp/0/layout:table/idsearch:RECH_84502e2f28aebff5779a1ea10c7d255f
Coulonges-sur-l'Autize,3 Q 11/278,1873,1882,https://archives-deux-sevres-vienne.fr/ark:/58825/vtac274ebe2b713822e/daogrp/0/layout:table/idsearch:RECH_84502e2f28aebff5779a1ea10c7d255f
Beauvoir-sur-Niort,3 Q 25/71,1873,1884,https://archives-deux-sevres-vienne.fr/ark:/58825/vta1930df74991b41d0/daogrp/0/layout:table/idsearch:RECH_84502e2f28aebff5779a1ea10c7d255f
Moncoutant,3 Q 16/189,1873,1888,https://archives-deux-sevres-vienne.fr/ark:/58825/vta2f7bdf627e120e51/daogrp/0/layout:table/idsearch:RECH_84502e2f28aebff5779a1ea10c7d255f
La Mothe-Saint-Héray,3 Q 17/260,1874,1893,https://archives-deux-sevres-vienne.fr/ark:/58825/vta517361b319a06051/daogrp/0/layout:table/idsearch:RECH_84502e2f28aebff5779a1ea10c7d255f
Niort,3 Q 18/1449,1876,1879,https://archives-deux-sevres-vienne.fr/ark:/58825/vta6ce9aac6ec135a13/daogrp/0/layout:table/idsearch:RECH_84502e2f28aebff5779a1ea10c7d255f
Niort,3 Q 18/1450,1876,1881,https://archives-deux-sevres-vienne.fr/ark:/58825/vta9698a337e42af78b/daogrp/0/layout:table/idsearch:RECH_84502e2f28aebff5779a1ea10c7d255f
Airvault,3 Q 2/55,1876,1889,https://archives-deux-sevres-vienne.fr/ark:/58825/vta68b4071af3002816/daogrp/0/layout:table/idsearch:RECH_84502e2f28aebff5779a1ea10c7d255f
Saint-Maixent-l'École,3 Q 20/432,1877,1885,https://archives-deux-sevres-vienne.fr/ark:/58825/vtaa08529cf234a8247/daogrp/0/layout:table/idsearch:RECH_84502e2f28aebff5779a1ea10c7d255f
Parthenay,3 Q 19/415,1877,1886,https://archives-deux-sevres-vienne.fr/ark:/58825/vta654fd0d450b3e556/daogrp/0/layout:table/idsearch:RECH_84502e2f28aebff5779a1ea10c7d255f
Melle,3 Q 15/447,1877,1890,https://archives-deux-sevres-vienne.fr/ark:/58825/vtaa5470f33d13e825a/daogrp/0/layout:table/idsearch:RECH_84502e2f28aebff5779a1ea10c7d255f
Secondigny,3 Q 22/153,1878,1888,https://archives-deux-sevres-vienne.fr/ark:/58825/vta6022bb763db58e5e/daogrp/0/layout:table/idsearch:RECH_84502e2f28aebff5779a1ea10c7d255f
Argenton-Château,3 Q 3/33,1879,1888,https://archives-deux-sevres-vienne.fr/ark:/58825/vta701d93b961eac1ef/daogrp/0/layout:table/idsearch:RECH_84502e2f28aebff5779a1ea10c7d255f
Chef-Boutonne,3 Q 9/304,1879,1889,https://archives-deux-sevres-vienne.fr/ark:/58825/vtad21fe4e27539a6fb/daogrp/0/layout:table/idsearch:RECH_84502e2f28aebff5779a1ea10c7d255f
Lezay,3 Q 12/168,1879,1891,https://archives-deux-sevres-vienne.fr/ark:/58825/vta00f8eb5b278e6b5f/daogrp/0/layout:table/idsearch:RECH_84502e2f28aebff5779a1ea10c7d255f
Bressuire,3 Q 4/321,1880,1886,https://archives-deux-sevres-vienne.fr/ark:/58825/vtaec62acc2f63a3462/daogrp/0/layout:table/idsearch:RECH_84502e2f28aebff5779a1ea10c7d255f
Mazières-en-Gâtine,3 Q 14/21,1880,1900,https://archives-deux-sevres-vienne.fr/ark:/58825/vtab8d3353ad4bae388/daogrp/0/layout:table/idsearch:RECH_84502e2f28aebff5779a1ea10c7d255f
Thouars,3 Q 24/525,1881,1887,https://archives-deux-sevres-vienne.fr/ark:/58825/vta51eab3502583cab3/daogrp/0/layout:table/idsearch:RECH_84502e2f28aebff5779a1ea10c7d255f
Sauzé-Vaussais,3 Q 21/293,1881,1894,https://archives-deux-sevres-vienne.fr/ark:/58825/vtac655dfd584f0787f/daogrp/0/layout:table/idsearch:RECH_84502e2f28aebff5779a1ea10c7d255f
Niort,3 Q 18/1451,1882,1884,https://archives-deux-sevres-vienne.fr/ark:/58825/vtac322f1295ea6a3e0/daogrp/0/layout:table/idsearch:RECH_84502e2f28aebff5779a1ea10c7d255f
Coulonges-sur-l'Autize,3 Q 11/279,1882,1893,https://archives-deux-sevres-vienne.fr/ark:/58825/vta736f1e567f28c5a9/daogrp/0/layout:table/idsearch:RECH_84502e2f28aebff5779a1ea10c7d255f
Châtillon-sur-Sèvre,3 Q 8/195,1883,1895,https://archives-deux-sevres-vienne.fr/ark:/58825/vtad03272a21dfa9040/daogrp/0/layout:table/idsearch:RECH_84502e2f28aebff5779a1ea10c7d255f
Beauvoir-sur-Niort,3 Q 25/72,1883,1899,https://archives-deux-sevres-vienne.fr/ark:/58825/vta47fee67d16d40a01/daogrp/0/layout:table/idsearch:RECH_84502e2f28aebff5779a1ea10c7d255f
Brioux-sur-Boutonne,3 Q 5/198,1884,1892,https://archives-deux-sevres-vienne.fr/ark:/58825/vta59d3cb5ede0b028d/daogrp/0/layout:table/idsearch:RECH_84502e2f28aebff5779a1ea10c7d255f
Niort,3 Q 18/1452,1885,1887,https://archives-deux-sevres-vienne.fr/ark:/58825/vtad7180b95baeb5041/daogrp/0/layout:table/idsearch:RECH_84502e2f28aebff5779a1ea10c7d255f
Parthenay,3 Q 19/478,1885,1897,https://archives-deux-sevres-vienne.fr/ark:/58825/vta98750f3dc35c0abe/daogrp/0/layout:table/idsearch:RECH_84502e2f28aebff5779a1ea10c7d255f
Ménigoute,3 Q 26/58,1885,1902,https://archives-deux-sevres-vienne.fr/ark:/58825/vtaae83ea68dc50ee41/daogrp/0/layout:table/idsearch:RECH_84502e2f28aebff5779a1ea10c7d255f
Champdeniers,3 Q 7/214,1885,1905,https://archives-deux-sevres-vienne.fr/ark:/58825/vta09558ade2a271f1f/daogrp/0/layout:table/idsearch:RECH_84502e2f28aebff5779a1ea10c7d255f
Bressuire,3 Q 4/322,1886,1891,https://archives-deux-sevres-vienne.fr/ark:/58825/vta4931d53b6e242bd7/daogrp/0/layout:table/idsearch:RECH_84502e2f28aebff5779a1ea10c7d255f
Saint-Maixent-l'École,3 Q 20/433,1886,1894,https://archives-deux-sevres-vienne.fr/ark:/58825/vta6789990928e2e9ab/daogrp/0/layout:table/idsearch:RECH_84502e2f28aebff5779a1ea10c7d255f
Mauzé-sur-le-Mignon,3 Q 13/374,1887,1898,https://archives-deux-sevres-vienne.fr/ark:/58825/vta8fc70d1bce0d9e83/daogrp/0/layout:table/idsearch:RECH_84502e2f28aebff5779a1ea10c7d255f
Niort,3 Q 18/1453,1888,1890,https://archives-deux-sevres-vienne.fr/ark:/58825/vta22b4ea958cc33109/daogrp/0/layout:table/idsearch:RECH_84502e2f28aebff5779a1ea10c7d255f
Thouars,3 Q 24/526,1888,1891,https://archives-deux-sevres-vienne.fr/ark:/58825/vtac83ec9a547326c2d/daogrp/0/layout:table/idsearch:RECH_84502e2f28aebff5779a1ea10c7d255f
Moncoutant,3 Q 16/190,1888,1897,https://archives-deux-sevres-vienne.fr/ark:/58825/vtac70f3785e85889fe/daogrp/0/layout:table/idsearch:RECH_84502e2f28aebff5779a1ea10c7d255f
Argenton-Château,3 Q 3/34,1888,1899,https://archives-deux-sevres-vienne.fr/ark:/58825/vta64dead4f65421a27/daogrp/0/layout:table/idsearch:RECH_84502e2f28aebff5779a1ea10c7d255f
Airvault,3 Q 2/56,1889,1902,https://archives-deux-sevres-vienne.fr/ark:/58825/vta0d2147361f1b0922/daogrp/0/layout:table/idsearch:RECH_84502e2f28aebff5779a1ea10c7d255f
Chef-Boutonne,3 Q 9/373,1889,1902,https://archives-deux-sevres-vienne.fr/ark:/58825/vta6341fa52697370be/daogrp/0/layout:table/idsearch:RECH_84502e2f28aebff5779a1ea10c7d255f
Secondigny,3 Q 22/185,1889,1902,https://archives-deux-sevres-vienne.fr/ark:/58825/vta1722945a5b02dc9a/daogrp/0/layout:table/idsearch:RECH_84502e2f28aebff5779a1ea10c7d255f
Melle,3 Q 15/448,1889,1905,https://archives-deux-sevres-vienne.fr/ark:/58825/vtaf2482c0cca8df785/daogrp/0/layout:table/idsearch:RECH_84502e2f28aebff5779a1ea10c7d255f
Celles-sur-Belle,3 Q 6/82,1890,1906,https://archives-deux-sevres-vienne.fr/ark:/58825/vta8e395b79457b4c21/daogrp/0/layout:table/idsearch:RECH_84502e2f28aebff5779a1ea10c7d255f
Niort,3 Q 18/1454,1891,1893,https://archives-deux-sevres-vienne.fr/ark:/58825/vtabcb1abd97d472124/daogrp/0/layout:table/idsearch:RECH_84502e2f28aebff5779a1ea10c7d255f
Bressuire,3 Q 4/323,1891,1897,https://archives-deux-sevres-vienne.fr/ark:/58825/vta1f163a653ed9e465/daogrp/0/layout:table/idsearch:RECH_84502e2f28aebff5779a1ea10c7d255f
Lezay,3 Q 12/181,1891,1902,https://archives-deux-sevres-vienne.fr/ark:/58825/vta8e45813e38279391/daogrp/0/layout:table/idsearch:RECH_84502e2f28aebff5779a1ea10c7d255f
Sauzé-Vaussais,3 Q 21/355,1891,1905,https://archives-deux-sevres-vienne.fr/ark:/58825/vta537d620f2252681c/daogrp/0/layout:table/idsearch:RECH_84502e2f28aebff5779a1ea10c7d255f
Thouars,3 Q 24/527,1892,1896,https://archives-deux-sevres-vienne.fr/ark:/58825/vtaa8b879e5ef77e0d7/daogrp/0/layout:table/idsearch:RECH_84502e2f28aebff5779a1ea10c7d255f
Brioux-sur-Boutonne,3 Q 5/268,1892,1902,https://archives-deux-sevres-vienne.fr/ark:/58825/vtaaf30917bac929099/daogrp/0/layout:table/idsearch:RECH_84502e2f28aebff5779a1ea10c7d255f
Thénezay,3 Q 23/219,1892,1908,https://archives-deux-sevres-vienne.fr/ark:/58825/vtacfd4b751ee4c36d4/daogrp/0/layout:table/idsearch:RECH_84502e2f28aebff5779a1ea10c7d255f
Niort,3 Q 18/1455,1894,1897,https://archives-deux-sevres-vienne.fr/ark:/58825/vta461a554a14f6ef67/daogrp/0/layout:table/idsearch:RECH_84502e2f28aebff5779a1ea10c7d255f
Coulonges-sur-l'Autize,3 Q 11/291,1894,1904,https://archives-deux-sevres-vienne.fr/ark:/58825/vta8431e95236f8ef3c/daogrp/0/layout:table/idsearch:RECH_84502e2f28aebff5779a1ea10c7d255f
La Mothe-Saint-Héray,3 Q 17/314,1894,1915,https://archives-deux-sevres-vienne.fr/ark:/58825/vtae10f378272a508da/daogrp/0/layout:table/idsearch:RECH_84502e2f28aebff5779a1ea10c7d255f
Saint-Maixent-l'École,3 Q 20/449,1895,1903,https://archives-deux-sevres-vienne.fr/ark:/58825/vta2a99de2e1a95d0e7/daogrp/0/layout:table/idsearch:RECH_84502e2f28aebff5779a1ea10c7d255f
Châtillon-sur-Sèvre,3 Q 8/240,1895,1911,https://archives-deux-sevres-vienne.fr/ark:/58825/vta57c3b1a6aaeb8a43/daogrp/0/layout:table/idsearch:RECH_84502e2f28aebff5779a1ea10c7d255f
Bressuire,3 Q 4/396,1896,1903,https://archives-deux-sevres-vienne.fr/ark:/58825/vtaacee87929618ea3c/daogrp/0/layout:table/idsearch:RECH_84502e2f28aebff5779a1ea10c7d255f
Niort,3 Q 18/1456,1897,1899,https://archives-deux-sevres-vienne.fr/ark:/58825/vta2252dc7062095265/daogrp/0/layout:table/idsearch:RECH_84502e2f28aebff5779a1ea10c7d255f
Thouars,3 Q 24/888,1897,1903,https://archives-deux-sevres-vienne.fr/ark:/58825/vta63db30643c27ee08/daogrp/0/layout:table/idsearch:RECH_84502e2f28aebff5779a1ea10c7d255f
Beauvoir-sur-Niort,3 Q 25/73,1897,1908,https://archives-deux-sevres-vienne.fr/ark:/58825/vta45b46a99d66fe7e5/daogrp/0/layout:table/idsearch:RECH_84502e2f28aebff5779a1ea10c7d255f
Moncoutant,3 Q 16/257,1897,1912,https://archives-deux-sevres-vienne.fr/ark:/58825/vtaf6a9e0b0ec1448b8/daogrp/0/layout:table/idsearch:RECH_84502e2f28aebff5779a1ea10c7d255f
Parthenay,3 Q 19/479,1898,1914,https://archives-deux-sevres-vienne.fr/ark:/58825/vta5813a50d8e75ef5d/daogrp/0/layout:table/idsearch:RECH_84502e2f28aebff5779a1ea10c7d255f
Argenton-Château,3 Q 3/35,1899,1914,https://archives-deux-sevres-vienne.fr/ark:/58825/vtab9d6238a5819f303/daogrp/0/layout:table/idsearch:RECH_84502e2f28aebff5779a1ea10c7d255f
Mauzé-sur-le-Mignon,3 Q 13/383,1899,1914,https://archives-deux-sevres-vienne.fr/ark:/58825/vta0e6d6cbb59ee6030/daogrp/0/layout:table/idsearch:RECH_84502e2f28aebff5779a1ea10c7d255f
Niort,3 Q 18/1863,1900,1902,https://archives-deux-sevres-vienne.fr/ark:/58825/vtadcfcc207a81511cd/daogrp/0/layout:table/idsearch:RECH_84502e2f28aebff5779a1ea10c7d255f
Mazières-en-Gâtine,3 Q 14/22,1900,1921,https://archives-deux-sevres-vienne.fr/ark:/58825/vta154d6f44cff675e1/daogrp/0/layout:table/idsearch:RECH_84502e2f28aebff5779a1ea10c7d255f
Lezay,3 Q 12/182,1902,1911,https://archives-deux-sevres-vienne.fr/ark:/58825/vtac4e524ac081a7c6d/daogrp/0/layout:table/idsearch:RECH_84502e2f28aebff5779a1ea10c7d255f
Brioux-sur-Boutonne,3 Q 5/269,1902,1915,https://archives-deux-sevres-vienne.fr/ark:/58825/vta3805abf5ba211b9a/daogrp/0/layout:table/idsearch:RECH_84502e2f28aebff5779a1ea10c7d255f
Secondigny,3 Q 22/186,1902,1922,https://archives-deux-sevres-vienne.fr/ark:/58825/vta3a0b57a06c160133/daogrp/0/layout:table/idsearch:RECH_84502e2f28aebff5779a1ea10c7d255f
Niort,3 Q 18/1864,1903,1906,https://archives-deux-sevres-vienne.fr/ark:/58825/vta600c47921e6f3a59/daogrp/0/layout:table/idsearch:RECH_84502e2f28aebff5779a1ea10c7d255f
Thouars,3 Q 24/889,1903,1911,https://archives-deux-sevres-vienne.fr/ark:/58825/vta44988c8be20c5817/daogrp/0/layout:table/idsearch:RECH_84502e2f28aebff5779a1ea10c7d255f
Saint-Maixent-l'École,3 Q 20/450,1903,1912,https://archives-deux-sevres-vienne.fr/ark:/58825/vta5e9a696da27b255d/daogrp/0/layout:table/idsearch:RECH_84502e2f28aebff5779a1ea10c7d255f
Chef-Boutonne,3 Q 9/374,1903,1919,https://archives-deux-sevres-vienne.fr/ark:/58825/vta909e6cbcebb8beb3/daogrp/0/layout:table/idsearch:RECH_84502e2f28aebff5779a1ea10c7d255f
Ménigoute,3 Q 26/68,1903,1929,https://archives-deux-sevres-vienne.fr/ark:/58825/vtaf44e8fb1c2ace83b/daogrp/0/layout:table/idsearch:RECH_84502e2f28aebff5779a1ea10c7d255f
Bressuire,3 Q 4/397,1904,1911,https://archives-deux-sevres-vienne.fr/ark:/58825/vta75992382c9873771/daogrp/0/layout:table/idsearch:RECH_84502e2f28aebff5779a1ea10c7d255f
Niort,3 Q 18/1865,1905,1909,https://archives-deux-sevres-vienne.fr/ark:/58825/vta86a1c9dc5a98eebc/daogrp/0/layout:table/idsearch:RECH_84502e2f28aebff5779a1ea10c7d255f
Coulonges-sur-l'Autize,3 Q 11/292,1905,1918,https://archives-deux-sevres-vienne.fr/ark:/58825/vta2fd8603f7f74d43e/daogrp/0/layout:table/idsearch:RECH_84502e2f28aebff5779a1ea10c7d255f
Champdeniers,3 Q 7/215,1905,1926,https://archives-deux-sevres-vienne.fr/ark:/58825/vtaa7cac698a495cf18/daogrp/0/layout:table/idsearch:RECH_84502e2f28aebff5779a1ea10c7d255f
Sauzé-Vaussais,3 Q 21/356,1906,1918,https://archives-deux-sevres-vienne.fr/ark:/58825/vta1e44599066b9c4d7/daogrp/0/layout:table/idsearch:RECH_84502e2f28aebff5779a1ea10c7d255f
Celles-sur-Belle,3 Q 6/83,1906,1924,https://archives-deux-sevres-vienne.fr/ark:/58825/vta2651a5150bf8b9c0/daogrp/0/layout:table/idsearch:RECH_84502e2f28aebff5779a1ea10c7d255f
Melle,3 Q 15/532,1906,1925,https://archives-deux-sevres-vienne.fr/ark:/58825/vta5f05acacfd64fc18/daogrp/0/layout:table/idsearch:RECH_84502e2f28aebff5779a1ea10c7d255f
Thénezay,3 Q 23/220,1908,1929,https://archives-deux-sevres-vienne.fr/ark:/58825/vta0f33ba18ac950c4b/daogrp/0/layout:table/idsearch:RECH_84502e2f28aebff5779a1ea10c7d255f
Niort,3 Q 18/1866,1909,1912,https://archives-deux-sevres-vienne.fr/ark:/58825/vtadea52cc24ca6cf57/daogrp/0/layout:table/idsearch:RECH_84502e2f28aebff5779a1ea10c7d255f
Thouars,3 Q 24/890,1911,1916,https://archives-deux-sevres-vienne.fr/ark:/58825/vta5a78d1b03aa9611d/daogrp/0/layout:table/idsearch:RECH_84502e2f28aebff5779a1ea10c7d255f
Bressuire,3 Q 4/398,1911,1918,https://archives-deux-sevres-vienne.fr/ark:/58825/vtac5939fd7650c18c0/daogrp/0/layout:table/idsearch:RECH_84502e2f28aebff5779a1ea10c7d255f
Lezay,3 Q 12/183,1911,1921,https://archives-deux-sevres-vienne.fr/ark:/58825/vtadbacb17afb004faa/daogrp/0/layout:table/idsearch:RECH_84502e2f28aebff5779a1ea10c7d255f
Châtillon-sur-Sèvre,3 Q 8/241,1911,1924,https://archives-deux-sevres-vienne.fr/ark:/58825/vta1243d56fff2703d3/daogrp/0/layout:table/idsearch:RECH_84502e2f28aebff5779a1ea10c7d255f
Niort,3 Q 18/1867,1912,1914,https://archives-deux-sevres-vienne.fr/ark:/58825/vtabc2f71e8dc31822d/daogrp/0/layout:table/idsearch:RECH_84502e2f28aebff5779a1ea10c7d255f
Saint-Maixent-l'École,3 Q 20/451,1912,1918,https://archives-deux-sevres-vienne.fr/ark:/58825/vta8200d50e6e2d6685/daogrp/0/layout:table/idsearch:RECH_84502e2f28aebff5779a1ea10c7d255f
Moncoutant,3 Q 16/258,1912,1922,https://archives-deux-sevres-vienne.fr/ark:/58825/vtafd40e41d2350f743/daogrp/0/layout:table/idsearch:RECH_84502e2f28aebff5779a1ea10c7d255f
Niort,3 Q 18/1868,1914,1916,https://archives-deux-sevres-vienne.fr/ark:/58825/vtabaa6b77b05491194/daogrp/0/layout:table/idsearch:RECH_84502e2f28aebff5779a1ea10c7d255f
Niort,3 Q 18/1870,1914,1920,https://archives-deux-sevres-vienne.fr/ark:/58825/vtafed70237931f4edb/daogrp/0/layout:table/idsearch:RECH_84502e2f28aebff5779a1ea10c7d255f
Argenton-Château,3 Q 3/36,1914,1923,https://archives-deux-sevres-vienne.fr/ark:/58825/vtaa4e5d1da3d3db9bf/daogrp/0/layout:table/idsearch:RECH_84502e2f28aebff5779a1ea10c7d255f
Mauzé-sur-le-Mignon,3 Q 13/384,1914,1925,https://archives-deux-sevres-vienne.fr/ark:/58825/vta5f8fbbc6be8a5dd5/daogrp/0/layout:table/idsearch:RECH_84502e2f28aebff5779a1ea10c7d255f
Parthenay,3 Q 19/480,1915,1924,https://archives-deux-sevres-vienne.fr/ark:/58825/vta4feade222ec0f756/daogrp/0/layout:table/idsearch:RECH_84502e2f28aebff5779a1ea10c7d255f
Niort,3 Q 18/1869,1916,1918,https://archives-deux-sevres-vienne.fr/ark:/58825/vta01f5760c3cdf9d53/daogrp/0/layout:table/idsearch:RECH_84502e2f28aebff5779a1ea10c7d255f
Thouars,3 Q 24/891,1916,1922,https://archives-deux-sevres-vienne.fr/ark:/58825/vta2b2f149eeab4d951/daogrp/0/layout:table/idsearch:RECH_84502e2f28aebff5779a1ea10c7d255f
Brioux-sur-Boutonne,3 Q 5/270,1916,1931,https://archives-deux-sevres-vienne.fr/ark:/58825/vtab8ab510aa5ba2d52/daogrp/0/layout:table/idsearch:RECH_84502e2f28aebff5779a1ea10c7d255f
La Mothe-Saint-Héray,3 Q 17/315,1916,1931,https://archives-deux-sevres-vienne.fr/ark:/58825/vta9614452b386a7abd/daogrp/0/layout:table/idsearch:RECH_84502e2f28aebff5779a1ea10c7d255f
Airvault,3 Q 2/57,1917,1924,https://archives-deux-sevres-vienne.fr/ark:/58825/vta49c0235a00215c1b/daogrp/0/layout:table/idsearch:RECH_84502e2f28aebff5779a1ea10c7d255f
Saint-Maixent-l'École,3 Q 20/453,1917,1931,https://archives-deux-sevres-vienne.fr/ark:/58825/vta9323ab6347493838/daogrp/0/layout:table/idsearch:RECH_84502e2f28aebff5779a1ea10c7d255f
Bressuire,3 Q 4/399,1918,1923,https://archives-deux-sevres-vienne.fr/ark:/58825/vta223eed86ad87c978/daogrp/0/layout:table/idsearch:RECH_84502e2f28aebff5779a1ea10c7d255f
Saint-Maixent-l'École,3 Q 20/452,1918,1924,https://archives-deux-sevres-vienne.fr/ark:/58825/vta5b3ea434cc593732/daogrp/0/layout:table/idsearch:RECH_84502e2f28aebff5779a1ea10c7d255f
Secondigny,3 Q 22/187,1918,1932,https://archives-deux-sevres-vienne.fr/ark:/58825/vtae25723b9af7e4421/daogrp/0/layout:table/idsearch:RECH_84502e2f28aebff5779a1ea10c7d255f
Chef-Boutonne,3 Q 9/375,1918,1934,https://archives-deux-sevres-vienne.fr/ark:/58825/vta3fc99bdf07634ac7/daogrp/0/layout:table/idsearch:RECH_84502e2f28aebff5779a1ea10c7d255f
Niort,3 Q 18/1871,1919,1921,https://archives-deux-sevres-vienne.fr/ark:/58825/vta650bd9f52f2fa76d/daogrp/0/layout:table/idsearch:RECH_84502e2f28aebff5779a1ea10c7d255f
Sauzé-Vaussais,3 Q 21/357,1919,1930,https://archives-deux-sevres-vienne.fr/ark:/58825/vta2346c8e9fc5d751b/daogrp/0/layout:table/idsearch:RECH_84502e2f28aebff5779a1ea10c7d255f
Thouars,3 Q 24/892,1920,1925,https://archives-deux-sevres-vienne.fr/ark:/58825/vta96d7b20d52f328fd/daogrp/0/layout:table/idsearch:RECH_84502e2f28aebff5779a1ea10c7d255f
Niort,3 Q 18/1872,1921,1925,https://archives-deux-sevres-vienne.fr/ark:/58825/vtac8ba051e1c930b80/daogrp/0/layout:table/idsearch:RECH_84502e2f28aebff5779a1ea10c7d255f
Moncoutant,3 Q 16/259,1922,1935,https://archives-deux-sevres-vienne.fr/ark:/58825/vtaa1ec2e432e5407e0/daogrp/0/layout:table/idsearch:RECH_84502e2f28aebff5779a1ea10c7d255f
Mazières-en-Gâtine,3 Q 14/23,1922,1936,https://archives-deux-sevres-vienne.fr/ark:/58825/vta00afee88dac59a78/daogrp/0/layout:table/idsearch:RECH_84502e2f28aebff5779a1ea10c7d255f
Lezay,3 Q 12/184,1922,1937,https://archives-deux-sevres-vienne.fr/ark:/58825/vtaae4561410e3a0cbd/daogrp/0/layout:table/idsearch:RECH_84502e2f28aebff5779a1ea10c7d255f
Niort,3 Q 18/1873,1923,1925,https://archives-deux-sevres-vienne.fr/ark:/58825/vta9ffc38143372f11b/daogrp/0/layout:table/idsearch:RECH_84502e2f28aebff5779a1ea10c7d255f
Bressuire,3 Q 4/400,1923,1929,https://archives-deux-sevres-vienne.fr/ark:/58825/vta6b59a4998723854c/daogrp/0/layout:table/idsearch:RECH_84502e2f28aebff5779a1ea10c7d255f
Argenton-Château,3 Q 3/37,1923,1934,https://archives-deux-sevres-vienne.fr/ark:/58825/vta55249a38b2822896/daogrp/0/layout:table/idsearch:RECH_84502e2f28aebff5779a1ea10c7d255f
Châtillon-sur-Sèvre,3 Q 8/242,1924,1935,https://archives-deux-sevres-vienne.fr/ark:/58825/vta45ba608d672ef676/daogrp/0/layout:table/idsearch:RECH_84502e2f28aebff5779a1ea10c7d255f
Parthenay,3 Q 19/481,1924,1935,https://archives-deux-sevres-vienne.fr/ark:/58825/vta7bacfa736591664c/daogrp/0/layout:table/idsearch:RECH_84502e2f28aebff5779a1ea10c7d255f
Niort,3 Q 18/1874,1925,1928,https://archives-deux-sevres-vienne.fr/ark:/58825/vtad87e7a33f2881644/daogrp/0/layout:table/idsearch:RECH_84502e2f28aebff5779a1ea10c7d255f
Thouars,3 Q 24/893,1925,1929,https://archives-deux-sevres-vienne.fr/ark:/58825/vta2c911a98e00abd2e/daogrp/0/layout:table/idsearch:RECH_84502e2f28aebff5779a1ea10c7d255f
Celles-sur-Belle,3 Q 6/84,1925,1934,https://archives-deux-sevres-vienne.fr/ark:/58825/vtad3936cf6a3182f05/daogrp/0/layout:table/idsearch:RECH_84502e2f28aebff5779a1ea10c7d255f
Bressuire,3 Q 4/401,1926,1934,https://archives-deux-sevres-vienne.fr/ark:/58825/vta3001eede11f9f4d9/daogrp/0/layout:table/idsearch:RECH_84502e2f28aebff5779a1ea10c7d255f
Melle,3 Q 15/533,1926,1935,https://archives-deux-sevres-vienne.fr/ark:/58825/vta3b2a93da73050049/daogrp/0/layout:table/idsearch:RECH_84502e2f28aebff5779a1ea10c7d255f
Mauzé-sur-le-Mignon,3 Q 13/385,1926,1946,https://archives-deux-sevres-vienne.fr/ark:/58825/vta04aa62b203678260/daogrp/0/layout:table/idsearch:RECH_84502e2f28aebff5779a1ea10c7d255f
Champdeniers,3 Q 7/216,1927,1940,https://archives-deux-sevres-vienne.fr/ark:/58825/vta6be089d1598b9b43/daogrp/0/layout:table/idsearch:RECH_84502e2f28aebff5779a1ea10c7d255f
Ménigoute,3 Q 26/69,1927,1943,https://archives-deux-sevres-vienne.fr/ark:/58825/vta3a0e6cbc04fc14a6/daogrp/0/layout:table/idsearch:RECH_84502e2f28aebff5779a1ea10c7d255f
Niort,3 Q 18/1875,1928,1930,https://archives-deux-sevres-vienne.fr/ark:/58825/vtaa248f3d082112ce5/daogrp/0/layout:table/idsearch:RECH_84502e2f28aebff5779a1ea10c7d255f
Coulonges-sur-l'Autize,3 Q 11/293,1928,1938,https://archives-deux-sevres-vienne.fr/ark:/58825/vta80ad9c20acf6b9b4/daogrp/0/layout:table/idsearch:RECH_84502e2f28aebff5779a1ea10c7d255f
Thouars,3 Q 24/894,1929,1935,https://archives-deux-sevres-vienne.fr/ark:/58825/vtaf37aa6654db3f0bd/daogrp/0/layout:table/idsearch:RECH_84502e2f28aebff5779a1ea10c7d255f
Niort,3 Q 18/1876,1930,1932,https://archives-deux-sevres-vienne.fr/ark:/58825/vtad6fce4df9acf2051/daogrp/0/layout:table/idsearch:RECH_84502e2f28aebff5779a1ea10c7d255f
Thénezay,3 Q 23/221,1930,1943,https://archives-deux-sevres-vienne.fr/ark:/58825/vtabe27a353eed9116c/daogrp/0/layout:table/idsearch:RECH_84502e2f28aebff5779a1ea10c7d255f
Sauzé-Vaussais,3 Q 21/358,1931,1945,https://archives-deux-sevres-vienne.fr/ark:/58825/vtaee35b801fb78fb81/daogrp/0/layout:table/idsearch:RECH_84502e2f28aebff5779a1ea10c7d255f
Niort,3 Q 18/1877,1932,1935,https://archives-deux-sevres-vienne.fr/ark:/58825/vtad95c7785f0d15a88/daogrp/0/layout:table/idsearch:RECH_84502e2f28aebff5779a1ea10c7d255f
Saint-Maixent-l'École,3 Q 20/454,1932,1939,https://archives-deux-sevres-vienne.fr/ark:/58825/vta92fc5d5bb8812447/daogrp/0/layout:table/idsearch:RECH_84502e2f28aebff5779a1ea10c7d255f
Brioux-sur-Boutonne,3 Q 5/271,1932,1943,https://archives-deux-sevres-vienne.fr/ark:/58825/vtaec230fa43662784a/daogrp/0/layout:table/idsearch:RECH_84502e2f28aebff5779a1ea10c7d255f
Secondigny,3 Q 22/188,1932,1943,https://archives-deux-sevres-vienne.fr/ark:/58825/vta2f82696e6d0d8276/daogrp/0/layout:table/idsearch:RECH_84502e2f28aebff5779a1ea10c7d255f
La Mothe-Saint-Héray,3 Q 17/316,1932,1950,https://archives-deux-sevres-vienne.fr/ark:/58825/vta05bcb245bc8625b2/daogrp/0/layout:table/idsearch:RECH_84502e2f28aebff5779a1ea10c7d255f
Thouars,3 Q 24/895,1933,1940,https://archives-deux-sevres-vienne.fr/ark:/58825/vta5359130b62ef25ae/daogrp/0/layout:table/idsearch:RECH_84502e2f28aebff5779a1ea10c7d255f
Chef-Boutonne,3 Q 9/376,1933,1946,https://archives-deux-sevres-vienne.fr/ark:/58825/vtaa2aa2b1c48b80697/daogrp/0/layout:table/idsearch:RECH_84502e2f28aebff5779a1ea10c7d255f
Niort,3 Q 18/1878,1934,1937,https://archives-deux-sevres-vienne.fr/ark:/58825/vtaa9510751147708ae/daogrp/0/layout:table/idsearch:RECH_84502e2f28aebff5779a1ea10c7d255f
Bressuire,3 Q 4/402,1934,1940,https://archives-deux-sevres-vienne.fr/ark:/58825/vta6cf47210cc17fd1a/daogrp/0/layout:table/idsearch:RECH_84502e2f28aebff5779a1ea10c7d255f
Airvault,3 Q 2/58,1934,1945,https://archives-deux-sevres-vienne.fr/ark:/58825/vta7142aed1ce5f4a01/daogrp/0/layout:table/idsearch:RECH_84502e2f28aebff5779a1ea10c7d255f
Argenton-Château,3 Q 3/38,1935,1942,https://archives-deux-sevres-vienne.fr/ark:/58825/vta7d8a69c91c9c7500/daogrp/0/layout:table/idsearch:RECH_84502e2f28aebff5779a1ea10c7d255f
Châtillon-sur-Sèvre,3 Q 8/243,1935,1942,https://archives-deux-sevres-vienne.fr/ark:/58825/vta186d234a38201730/daogrp/0/layout:table/idsearch:RECH_84502e2f28aebff5779a1ea10c7d255f
Moncoutant,3 Q 16/260,1935,1942,https://archives-deux-sevres-vienne.fr/ark:/58825/vta0653afece4d5659e/daogrp/0/layout:table/idsearch:RECH_84502e2f28aebff5779a1ea10c7d255f
Melle,3 Q 15/534,1935,1943,https://archives-deux-sevres-vienne.fr/ark:/58825/vta891e4ecd15defba2/daogrp/0/layout:table/idsearch:RECH_84502e2f28aebff5779a1ea10c7d255f
Parthenay,3 Q 19/482,1936,1944,https://archives-deux-sevres-vienne.fr/ark:/58825/vta03d097c92e14a130/daogrp/0/layout:table/idsearch:RECH_84502e2f28aebff5779a1ea10c7d255f
Niort,3 Q 18/1879,1937,1940,https://archives-deux-sevres-vienne.fr/ark:/58825/vta6339bac8dbbbebfb/daogrp/0/layout:table/idsearch:RECH_84502e2f28aebff5779a1ea10c7d255f
Lezay,3 Q 12/185,1937,1943,https://archives-deux-sevres-vienne.fr/ark:/58825/vta552057811d85f0bf/daogrp/0/layout:table/idsearch:RECH_84502e2f28aebff5779a1ea10c7d255f
Coulonges-sur-l'Autize,3 Q 11/294,1939,1951,https://archives-deux-sevres-vienne.fr/ark:/58825/vta26b76d9feb621a78/daogrp/0/layout:table/idsearch:RECH_84502e2f28aebff5779a1ea10c7d255f
Niort,3 Q 18/1880,1940,1941,https://archives-deux-sevres-vienne.fr/ark:/58825/vta7d084adcf8e5cf27/daogrp/0/layout:table/idsearch:RECH_84502e2f28aebff5779a1ea10c7d255f
Niort,1480 W 1,1940,1944,https://archives-deux-sevres-vienne.fr/ark:/58825/vtad8c2b121146c0d89/daogrp/0/layout:table/idsearch:RECH_84502e2f28aebff5779a1ea10c7d255f
Thouars,1494 W 1,1940,1945,https://archives-deux-sevres-vienne.fr/ark:/58825/vtae58b8bdd22bb98e1/daogrp/0/layout:table/idsearch:RECH_84502e2f28aebff5779a1ea10c7d255f
Saint-Maixent-l'École,3 Q 20/455,1940,1946,https://archives-deux-sevres-vienne.fr/ark:/58825/vtaeb1fccb7db4ad2e5/daogrp/0/layout:table/idsearch:RECH_84502e2f28aebff5779a1ea10c7d255f
Bressuire,1497 W 1,1941,1944,https://archives-deux-sevres-vienne.fr/ark:/58825/vta287c459d0ebdf2e6/daogrp/0/layout:table/idsearch:RECH_84502e2f28aebff5779a1ea10c7d255f
Champdeniers,1472 W 1,1941,1952,https://archives-deux-sevres-vienne.fr/ark:/58825/vtafb6e406f65b80ef2/daogrp/0/layout:table/idsearch:RECH_84502e2f28aebff5779a1ea10c7d255f
Melle,1467 W 1,1943,1949,https://archives-deux-sevres-vienne.fr/ark:/58825/vtab68feca60ce1d8b9/daogrp/0/layout:table/idsearch:RECH_84502e2f28aebff5779a1ea10c7d255f
Niort,1480 W 2,1944,1947,https://archives-deux-sevres-vienne.fr/ark:/58825/vta7e920810b4ba9f4f/daogrp/0/layout:table/idsearch:RECH_84502e2f28aebff5779a1ea10c7d255f
Bressuire,1497 W 2,1945,1947,https://archives-deux-sevres-vienne.fr/ark:/58825/vta673a174c8b092442/daogrp/0/layout:table/idsearch:RECH_84502e2f28aebff5779a1ea10c7d255f
Parthenay,1500 W 1,1945,1949,https://archives-deux-sevres-vienne.fr/ark:/58825/vtabf0563a80611065d/daogrp/0/layout:table/idsearch:RECH_84502e2f28aebff5779a1ea10c7d255f
Thouars,1494 W 2,1945,1951,https://archives-deux-sevres-vienne.fr/ark:/58825/vta13b72ce9f5d20f60/daogrp/0/layout:table/idsearch:RECH_84502e2f28aebff5779a1ea10c7d255f
Airvault,3 Q 2/59,1945,1954,https://archives-deux-sevres-vienne.fr/ark:/58825/vtaad7c2902e8e60964/daogrp/0/layout:table/idsearch:RECH_84502e2f28aebff5779a1ea10c7d255f
Niort,1480 W 3,1946,1948,https://archives-deux-sevres-vienne.fr/ark:/58825/vta4328266ae349102b/daogrp/0/layout:table/idsearch:RECH_84502e2f28aebff5779a1ea10c7d255f
Sauzé-Vaussais,1469 W 1,1946,1953,https://archives-deux-sevres-vienne.fr/ark:/58825/vta88b0bfae7c8e4107/daogrp/0/layout:table/idsearch:RECH_84502e2f28aebff5779a1ea10c7d255f
Chef-Boutonne,1465 W 1,1946,1957,https://archives-deux-sevres-vienne.fr/ark:/58825/vta911f89b7f91134fb/daogrp/0/layout:table/idsearch:RECH_84502e2f28aebff5779a1ea10c7d255f
Mauzé-sur-le-Mignon,1476 W 1,1946,1959,https://archives-deux-sevres-vienne.fr/ark:/58825/vta30f8290ece646f98/daogrp/0/layout:table/idsearch:RECH_84502e2f28aebff5779a1ea10c7d255f
Saint-Maixent-l'École,1485 W 1,1947,1954,https://archives-deux-sevres-vienne.fr/ark:/58825/vta04799022074e098d/daogrp/0/layout:table/idsearch:RECH_84502e2f28aebff5779a1ea10c7d255f
Bressuire,1497 W 3,1948,1950,https://archives-deux-sevres-vienne.fr/ark:/58825/vta03d8a6a57316fa9d/daogrp/0/layout:table/idsearch:RECH_84502e2f28aebff5779a1ea10c7d255f
Niort,1480 W 4,1949,1949,https://archives-deux-sevres-vienne.fr/ark:/58825/vta428f307b4e2233d6/daogrp/0/layout:table/idsearch:RECH_84502e2f28aebff5779a1ea10c7d255f
Melle,1467 W 2,1949,1954,https://archives-deux-sevres-vienne.fr/ark:/58825/vtac1cb29f516b6db4a/daogrp/0/layout:table/idsearch:RECH_84502e2f28aebff5779a1ea10c7d255f
Niort,1480 W 5,1950,1951,https://archives-deux-sevres-vienne.fr/ark:/58825/vta770776e652bfb0fe/daogrp/0/layout:table/idsearch:RECH_84502e2f28aebff5779a1ea10c7d255f
Niort,1480 W 6,1950,1952,https://archives-deux-sevres-vienne.fr/ark:/58825/vtab5480099dbf854e6/daogrp/0/layout:table/idsearch:RECH_84502e2f28aebff5779a1ea10c7d255f
Parthenay,1500 W 2,1950,1955,https://archives-deux-sevres-vienne.fr/ark:/58825/vta141dbd82fdac8c9a/daogrp/0/layout:table/idsearch:RECH_84502e2f28aebff5779a1ea10c7d255f
Bressuire,1497 W 4,1951,1954,https://archives-deux-sevres-vienne.fr/ark:/58825/vta471ee6ffd56f4996/daogrp/0/layout:table/idsearch:RECH_84502e2f28aebff5779a1ea10c7d255f
Thouars,1494 W 3,1951,1955,https://archives-deux-sevres-vienne.fr/ark:/58825/vtac4624fb6d31c6e08/daogrp/0/layout:table/idsearch:RECH_84502e2f28aebff5779a1ea10c7d255f
Niort,1480 W 7,1952,1953,https://archives-deux-sevres-vienne.fr/ark:/58825/vta59a5d82f80aacec1/daogrp/0/layout:table/idsearch:RECH_84502e2f28aebff5779a1ea10c7d255f
Coulonges-sur-l'Autize,1474 W 1,1952,1958,https://archives-deux-sevres-vienne.fr/ark:/58825/vtad70eebb8c35e40fe/daogrp/0/layout:table/idsearch:RECH_84502e2f28aebff5779a1ea10c7d255f
Champdeniers,1472 W 2,1952,1959,https://archives-deux-sevres-vienne.fr/ark:/58825/vta7e72c2ffff2f54fb/daogrp/0/layout:table/idsearch:RECH_84502e2f28aebff5779a1ea10c7d255f
Niort,1480 W 8,1953,1955,https://archives-deux-sevres-vienne.fr/ark:/58825/vta53f343c636351190/daogrp/0/layout:table/idsearch:RECH_84502e2f28aebff5779a1ea10c7d255f
Melle,1467 W 3,1954,1955,https://archives-deux-sevres-vienne.fr/ark:/58825/vta9a49d9f600d62fed/daogrp/0/layout:table/idsearch:RECH_84502e2f28aebff5779a1ea10c7d255f
Bressuire,1497 W 5,1954,1956,https://archives-deux-sevres-vienne.fr/ark:/58825/vta8bdf36e01242f876/daogrp/0/layout:table/idsearch:RECH_84502e2f28aebff5779a1ea10c7d255f
Saint-Maixent-l'École,1485 W 2,1954,1958,https://archives-deux-sevres-vienne.fr/ark:/58825/vta8a28eb77bbcefc7f/daogrp/0/layout:table/idsearch:RECH_84502e2f28aebff5779a1ea10c7d255f
Parthenay,1500 W 3,1955,1955,https://archives-deux-sevres-vienne.fr/ark:/58825/vta83cee2f6ae29c0a9/daogrp/0/layout:table/idsearch:RECH_84502e2f28aebff5779a1ea10c7d255f
Niort,1480 W 9,1955,1957,https://archives-deux-sevres-vienne.fr/ark:/58825/vtac6aaaf77d8333d4d/daogrp/0/layout:table/idsearch:RECH_84502e2f28aebff5779a1ea10c7d255f
Thouars,1494 W 4,1955,1958,https://archives-deux-sevres-vienne.fr/ark:/58825/vta4414b04eb8bdd361/daogrp/0/layout:table/idsearch:RECH_84502e2f28aebff5779a1ea10c7d255f
Melle,1467 W 4,1955,1961,https://archives-deux-sevres-vienne.fr/ark:/58825/vta5eb70965e89d4b8e/daogrp/0/layout:table/idsearch:RECH_84502e2f28aebff5779a1ea10c7d255f
Bressuire,1497 W 6,1957,1958,https://archives-deux-sevres-vienne.fr/ark:/58825/vta61a606cee2f8f8e6/daogrp/0/layout:table/idsearch:RECH_84502e2f28aebff5779a1ea10c7d255f
Niort,1480 W 10,1957,1959,https://archives-deux-sevres-vienne.fr/ark:/58825/vtad5331f7e0a2505da/daogrp/0/layout:table/idsearch:RECH_84502e2f28aebff5779a1ea10c7d255f
Chef-Boutonne,1465 W 2,1957,1962,https://archives-deux-sevres-vienne.fr/ark:/58825/vtaef4442046e0cafeb/daogrp/0/layout:table/idsearch:RECH_84502e2f28aebff5779a1ea10c7d255f
Coulonges-sur-l'Autize,1474 W 2,1958,1959,https://archives-deux-sevres-vienne.fr/ark:/58825/vtad8b31be8eb59442f/daogrp/0/layout:table/idsearch:RECH_84502e2f28aebff5779a1ea10c7d255f
Thouars,1494 W 5,1958,1961,https://archives-deux-sevres-vienne.fr/ark:/58825/vtaa33bd594449fe14b/daogrp/0/layout:table/idsearch:RECH_84502e2f28aebff5779a1ea10c7d255f
Bressuire,1497 W 7,1959,1960,https://archives-deux-sevres-vienne.fr/ark:/58825/vta62c6eb3c45602336/daogrp/0/layout:table/idsearch:RECH_84502e2f28aebff5779a1ea10c7d255f
Saint-Maixent-l'École,1485 W 3,1959,1962,https://archives-deux-sevres-vienne.fr/ark:/58825/vta2decc730ef5dc676/daogrp/0/layout:table/idsearch:RECH_84502e2f28aebff5779a1ea10c7d255f
Niort,1480 W 11,1960,1960,https://archives-deux-sevres-vienne.fr/ark:/58825/vta36ace9adfe6c982c/daogrp/0/layout:table/idsearch:RECH_84502e2f28aebff5779a1ea10c7d255f
Niort,1480 W 12,1960,1961,https://archives-deux-sevres-vienne.fr/ark:/58825/vtaf19b11fd2b694068/daogrp/0/layout:table/idsearch:RECH_84502e2f28aebff5779a1ea10c7d255f
Melle,1467 W 5,1961,1963,https://archives-deux-sevres-vienne.fr/ark:/58825/vta257587e65b37b130/daogrp/0/layout:table/idsearch:RECH_84502e2f28aebff5779a1ea10c7d255f
Bressuire,1497 W 10,1961,1967,https://archives-deux-sevres-vienne.fr/ark:/58825/vta2d85028bb08c6b83/daogrp/0/layout:table/idsearch:RECH_84502e2f28aebff5779a1ea10c7d255f
Bressuire,1497 W 8,1961,1968,https://archives-deux-sevres-vienne.fr/ark:/58825/vta2e09c8c452ce26db/daogrp/0/layout:table/idsearch:RECH_84502e2f28aebff5779a1ea10c7d255f
Bressuire,1497 W 9,1961,1968,https://archives-deux-sevres-vienne.fr/ark:/58825/vtaf74d3f99f787f941/daogrp/0/layout:table/idsearch:RECH_84502e2f28aebff5779a1ea10c7d255f
Chef-Boutonne,1465 W 3,1961,1968,https://archives-deux-sevres-vienne.fr/ark:/58825/vtaa3eb3a9a48f499d4/daogrp/0/layout:table/idsearch:RECH_84502e2f28aebff5779a1ea10c7d255f
Saint-Maixent-l'École,1485 W 5,1961,1968,https://archives-deux-sevres-vienne.fr/ark:/58825/vta11f548b89d3e8304/daogrp/0/layout:table/idsearch:RECH_84502e2f28aebff5779a1ea10c7d255f
Niort,1480 W 13,1962,1962,https://archives-deux-sevres-vienne.fr/ark:/58825/vtaa39ecd8a8dc8c46b/daogrp/0/layout:table/idsearch:RECH_84502e2f28aebff5779a1ea10c7d255f
Thouars,1494 W 6,1962,1962,https://archives-deux-sevres-vienne.fr/ark:/58825/vta4775a731e0571f81/daogrp/0/layout:table/idsearch:RECH_84502e2f28aebff5779a1ea10c7d255f
Niort,1480 W 14,1963,1963,https://archives-deux-sevres-vienne.fr/ark:/58825/vta3c693538a5c0024d/daogrp/0/layout:table/idsearch:RECH_84502e2f28aebff5779a1ea10c7d255f
Saint-Maixent-l'École,1485 W 4,1963,1965,https://archives-deux-sevres-vienne.fr/ark:/58825/vtad7dba9ee7a1e81be/daogrp/0/layout:table/idsearch:RECH_84502e2f28aebff5779a1ea10c7d255f
Argenton-Château,3 Q 3/39,1963,1966,https://archives-deux-sevres-vienne.fr/ark:/58825/vta0a854b8b7634ae8e/daogrp/0/layout:table/idsearch:RECH_84502e2f28aebff5779a1ea10c7d255f
Thouars,1494 W 7,1963,1966,https://archives-deux-sevres-vienne.fr/ark:/58825/vta6b81ee177142e77c/daogrp/0/layout:table/idsearch:RECH_84502e2f28aebff5779a1ea10c7d255f
Niort,1480 W 15,1964,1965,https://archives-deux-sevres-vienne.fr/ark:/58825/vtacd21f3605f12af93/daogrp/0/layout:table/idsearch:RECH_84502e2f28aebff5779a1ea10c7d255f
Niort,1480 W 16,1966,1967,https://archives-deux-sevres-vienne.fr/ark:/58825/vtac93f26dc35baba9a/daogrp/0/layout:table/idsearch:RECH_84502e2f28aebff5779a1ea10c7d255f
Melle,1467 W 6,1963,1967,https://archives-deux-sevres-vienne.fr/ark:/58825/vtab273a0c307cc7708/daogrp/0/layout:table/idsearch:RECH_84502e2f28aebff5779a1ea10c7d255f
Saint-Maixent-l'École,1485 W 6,1966,1967,https://archives-deux-sevres-vienne.fr/ark:/58825/vtac038101d46ed065b/daogrp/0/layout:table/idsearch:RECH_84502e2f28aebff5779a1ea10c7d255f
Argenton-Château,1492 W 2,1967,1968,https://archives-deux-sevres-vienne.fr/ark:/58825/vta7d67261d198d8c42/daogrp/0/layout:table/idsearch:RECH_84502e2f28aebff5779a1ea10c7d255f
Thouars,1494 W 8,1967,1969,https://archives-deux-sevres-vienne.fr/ark:/58825/vta3edfb49081bca334/daogrp/0/layout:table/idsearch:RECH_84502e2f28aebff5779a1ea10c7d255f
Bressuire,1497 W 11,1968,1968,https://archives-deux-sevres-vienne.fr/ark:/58825/vta2a5ee77ec00ec5c3/daogrp/0/layout:table/idsearch:RECH_84502e2f28aebff5779a1ea10c7d255f
Chef-Boutonne,1465 W 4,1968,1968,https://archives-deux-sevres-vienne.fr/ark:/58825/vta03df9f20c74df2e4/daogrp/0/layout:table/idsearch:RECH_84502e2f28aebff5779a1ea10c7d255f
Melle,1467 W 7,1968,1968,https://archives-deux-sevres-vienne.fr/ark:/58825/vta6cebc5a83273482c/daogrp/0/layout:table/idsearch:RECH_84502e2f28aebff5779a1ea10c7d255f
Niort,1480 W 17,1968,1968,https://archives-deux-sevres-vienne.fr/ark:/58825/vta72cfe074689043ac/daogrp/0/layout:table/idsearch:RECH_84502e2f28aebff5779a1ea10c7d255f
Saint-Maixent-l'École,1485 W 7,1968,1968,https://archives-deux-sevres-vienne.fr/ark:/58825/vta0d803574c8a2f444/daogrp/0/layout:table/idsearch:RECH_84502e2f28aebff5779a1ea10c7d255f
